{
  "qps": 30.55143164353913,
  "total_queries": 1000,
  "duration_secs": 32.73169034,
  "avg_latency_ms": 130.7457601919999,
  "p50_latency_ms": 128.89784500000002,
  "p95_latency_ms": 154.47416669999998,
  "p99_latency_ms": 190.39301169,
  "recall": 0.9994999999999998,
  "recall_threshold": 0.95,
  "recall_passed": true,
  "concurrency": 4,
  "comparison": {
    "previous_qps": 26.603844676316815,
    "qps_change_pct": 14.84,
    "previous_recall": 0.9993999999999998,
    "recall_change_pct": 0.01
  }
}