{
  "qps": 49.92423587826739,
  "total_queries": 1000,
  "duration_secs": 20.03035164,
  "avg_latency_ms": 80.00569781299991,
  "p50_latency_ms": 78.35558449999999,
  "p95_latency_ms": 89.95408685000001,
  "p99_latency_ms": 145.48437617999997,
  "recall": 0.9994,
  "recall_threshold": 0.95,
  "recall_passed": true,
  "concurrency": 4,
  "comparison": {
    "previous_qps": 21.18582580380852,
    "qps_change_pct": 135.65,
    "previous_recall": 0.9994,
    "recall_change_pct": 0.0
  }
}