{
  "qps": 21.18582580380852,
  "total_queries": 1000,
  "duration_secs": 47.201369881,
  "avg_latency_ms": 188.60463452599993,
  "p50_latency_ms": 172.239581,
  "p95_latency_ms": 335.1132748,
  "p99_latency_ms": 345.78270120999997,
  "recall": 0.9994,
  "recall_threshold": 0.95,
  "recall_passed": true,
  "concurrency": 4
}