{
  "qps": 41.55421291538887,
  "total_queries": 1000,
  "duration_secs": 24.06494865,
  "avg_latency_ms": 95.86790484599992,
  "p50_latency_ms": 81.801388,
  "p95_latency_ms": 154.7699295,
  "p99_latency_ms": 161.5067941,
  "recall": 0.9994,
  "recall_threshold": 0.95,
  "recall_passed": true,
  "concurrency": 4,
  "comparison": {
    "previous_qps": 49.92423587826739,
    "qps_change_pct": -16.77,
    "previous_recall": 0.9994,
    "recall_change_pct": 0.0
  }
}