{
  "qps": 46.24196411045886,
  "total_queries": 10000,
  "duration_secs": 216.253790088,
  "avg_latency_ms": 86.3886635483001,
  "p50_latency_ms": 81.728454,
  "p95_latency_ms": 138.71800174999996,
  "p99_latency_ms": 202.17108367000012,
  "recall": 0.9993699999999988,
  "recall_threshold": 0.95,
  "recall_passed": true,
  "concurrency": 4,
  "comparison": {
    "previous_qps": 46.490025196683845,
    "qps_change_pct": -0.53,
    "previous_recall": 0.9993699999999988,
    "recall_change_pct": 0.0
  }
}