{
  "qps": 46.490025196683845,
  "total_queries": 10000,
  "duration_secs": 215.09990493,
  "avg_latency_ms": 85.93454614380025,
  "p50_latency_ms": 80.54610100000001,
  "p95_latency_ms": 138.0372995999997,
  "p99_latency_ms": 202.29608517000003,
  "recall": 0.9993699999999988,
  "recall_threshold": 0.95,
  "recall_passed": true,
  "concurrency": 4
}