{
  "qps": 41.53450756000883,
  "total_queries": 10000,
  "duration_secs": 240.763658641,
  "avg_latency_ms": 96.184181611,
  "p50_latency_ms": 91.3928615,
  "p95_latency_ms": 146.26190394999995,
  "p99_latency_ms": 206.34275452000008,
  "recall": 0.9993699999999988,
  "recall_threshold": 0.95,
  "recall_passed": true,
  "concurrency": 4,
  "comparison": {
    "previous_qps": 43.94005384403828,
    "qps_change_pct": -5.47,
    "previous_recall": 0.9993699999999988,
    "recall_change_pct": 0.0
  }
}