{
  "qps": 71.42385200214854,
  "total_queries": 10000,
  "duration_secs": 140.009250687,
  "avg_latency_ms": 55.90293587810022,
  "p50_latency_ms": 64.3326345,
  "p95_latency_ms": 83.326009,
  "p99_latency_ms": 94.81016907,
  "recall": 0.9994399999999988,
  "recall_threshold": 0.95,
  "recall_passed": true,
  "concurrency": 4,
  "comparison": {
    "previous_qps": 56.493737481358515,
    "qps_change_pct": 26.43,
    "previous_recall": 0.999,
    "recall_change_pct": 0.04
  }
}