{
  "qps": 45.44799449798579,
  "total_queries": 100,
  "duration_secs": 2.200317112,
  "avg_latency_ms": 86.68517778999998,
  "p50_latency_ms": 89.9909585,
  "p95_latency_ms": 118.3182131,
  "p99_latency_ms": 119.43566658,
  "recall": 0.999,
  "recall_threshold": 0.95,
  "recall_passed": true,
  "concurrency": 4,
  "comparison": {
    "previous_qps": 46.11307325824397,
    "qps_change_pct": -1.44,
    "previous_recall": 0.999,
    "recall_change_pct": 0.0
  }
}