{
  "qps": 49.29324858412143,
  "total_queries": 100,
  "duration_secs": 2.028675384,
  "avg_latency_ms": 81.04556170000002,
  "p50_latency_ms": 58.419079,
  "p95_latency_ms": 118.85530855,
  "p99_latency_ms": 120.58933025,
  "recall": 0.999,
  "recall_threshold": 0.95,
  "recall_passed": true,
  "concurrency": 4,
  "comparison": {
    "previous_qps": 45.44799449798579,
    "qps_change_pct": 8.46,
    "previous_recall": 0.999,
    "recall_change_pct": 0.0
  }
}