{
  "qps": 48.56569361101822,
  "total_queries": 100,
  "duration_secs": 2.059066649,
  "avg_latency_ms": 80.50333571999998,
  "p50_latency_ms": 61.736399500000005,
  "p95_latency_ms": 117.73897125,
  "p99_latency_ms": 122.99981682000016,
  "recall": 0.999,
  "recall_threshold": 0.95,
  "recall_passed": true,
  "concurrency": 4,
  "comparison": {
    "previous_qps": 27.003597647458996,
    "qps_change_pct": 79.85,
    "previous_recall": 0.999,
    "recall_change_pct": 0.0
  }
}