{
  "qps": 27.003597647458996,
  "total_queries": 100,
  "duration_secs": 3.703210265,
  "avg_latency_ms": 147.43487271000006,
  "p50_latency_ms": 143.2177325,
  "p95_latency_ms": 208.2868416,
  "p99_latency_ms": 221.24007398,
  "recall": 0.999,
  "recall_threshold": 0.95,
  "recall_passed": true,
  "concurrency": 4,
  "comparison": {
    "previous_qps": 20.323742863051702,
    "qps_change_pct": 32.87,
    "previous_recall": 0.999,
    "recall_change_pct": 0.0
  }
}