{
  "qps": 46.67953612421781,
  "total_queries": 1000,
  "duration_secs": 21.422663613,
  "avg_latency_ms": 85.54246544000002,
  "p50_latency_ms": 83.7159185,
  "p95_latency_ms": 121.85940604999983,
  "p99_latency_ms": 168.1947763,
  "recall": 0.9994,
  "recall_threshold": 0.95,
  "recall_passed": true,
  "concurrency": 4,
  "comparison": {
    "previous_qps": 45.63767987582549,
    "qps_change_pct": 2.28,
    "previous_recall": 0.9994,
    "recall_change_pct": 0.0
  }
}