{
  "qps": 45.02653381961824,
  "total_queries": 1000,
  "duration_secs": 22.209126823,
  "avg_latency_ms": 88.67375382000012,
  "p50_latency_ms": 84.65123299999999,
  "p95_latency_ms": 128.24966339999995,
  "p99_latency_ms": 185.45198774999997,
  "recall": 0.9994,
  "recall_threshold": 0.95,
  "recall_passed": true,
  "concurrency": 4,
  "comparison": {
    "previous_qps": 52.766294596755934,
    "qps_change_pct": -14.67,
    "previous_recall": 0.9994,
    "recall_change_pct": 0.0
  }
}