{
  "qps": 39.45784800363439,
  "total_queries": 1000,
  "duration_secs": 25.343500738,
  "avg_latency_ms": 101.23150977899988,
  "p50_latency_ms": 97.8633605,
  "p95_latency_ms": 155.06862434999988,
  "p99_latency_ms": 220.75523944,
  "recall": 0.9994,
  "recall_threshold": 0.95,
  "recall_passed": true,
  "concurrency": 4,
  "comparison": {
    "previous_qps": 46.67953612421781,
    "qps_change_pct": -15.47,
    "previous_recall": 0.9994,
    "recall_change_pct": 0.0
  }
}