{
  "qps": 52.032340799244565,
  "total_queries": 1000,
  "duration_secs": 19.21881631,
  "avg_latency_ms": 76.70051692199999,
  "p50_latency_ms": 73.405731,
  "p95_latency_ms": 119.56275689999995,
  "p99_latency_ms": 167.03587233999994,
  "recall": 0.9994,
  "recall_threshold": 0.95,
  "recall_passed": true,
  "concurrency": 4,
  "comparison": {
    "previous_qps": 43.29800168580345,
    "qps_change_pct": 20.17,
    "previous_recall": 0.9994,
    "recall_change_pct": 0.0
  }
}