{
  "qps": 52.81523381858439,
  "total_queries": 1000,
  "duration_secs": 18.933931135,
  "avg_latency_ms": 75.62958791600002,
  "p50_latency_ms": 72.401843,
  "p95_latency_ms": 112.65280219999993,
  "p99_latency_ms": 145.73415376999995,
  "recall": 0.9994,
  "recall_threshold": 0.95,
  "recall_passed": true,
  "concurrency": 4,
  "comparison": {
    "previous_qps": 39.45784800363439,
    "qps_change_pct": 33.85,
    "previous_recall": 0.9994,
    "recall_change_pct": 0.0
  }
}