{
  "qps": 53.45412804849508,
  "total_queries": 10000,
  "duration_secs": 187.076290739,
  "avg_latency_ms": 74.71089854889989,
  "p50_latency_ms": 71.62786600000001,
  "p95_latency_ms": 112.77389749999996,
  "p99_latency_ms": 165.43125811000004,
  "recall": 0.9993699999999988,
  "recall_threshold": 0.95,
  "recall_passed": true,
  "concurrency": 4,
  "comparison": {
    "previous_qps": 54.45365813880963,
    "qps_change_pct": -1.84,
    "previous_recall": 0.9994,
    "recall_change_pct": -0.0
  }
}