{
  "qps": 45.63767987582549,
  "total_queries": 1000,
  "duration_secs": 21.911718622,
  "avg_latency_ms": 87.50702178400003,
  "p50_latency_ms": 80.62921349999999,
  "p95_latency_ms": 139.58556424999998,
  "p99_latency_ms": 181.04480179,
  "recall": 0.9994,
  "recall_threshold": 0.95,
  "recall_passed": true,
  "concurrency": 4,
  "comparison": {
    "previous_qps": 45.02653381961824,
    "qps_change_pct": 1.36,
    "previous_recall": 0.9994,
    "recall_change_pct": 0.0
  }
}