{
  "qps": 54.45365813880963,
  "total_queries": 1000,
  "duration_secs": 18.364239138,
  "avg_latency_ms": 73.30329702900009,
  "p50_latency_ms": 70.55942050000002,
  "p95_latency_ms": 111.65218624999984,
  "p99_latency_ms": 144.93296792999993,
  "recall": 0.9994,
  "recall_threshold": 0.95,
  "recall_passed": true,
  "concurrency": 4,
  "comparison": {
    "previous_qps": 42.815067644265426,
    "qps_change_pct": 27.18,
    "previous_recall": 0.0,
    "recall_change_pct": 0.0
  }
}