{
  "qps": 830.8825063465249,
  "total_queries": 10000,
  "duration_secs": 12.035396008,
  "avg_latency_ms": 4.7493710733000185,
  "p50_latency_ms": 4.600098,
  "p95_latency_ms": 6.611855049999999,
  "p99_latency_ms": 8.17818623,
  "recall": 0.9578899999999756,
  "recall_threshold": 0.95,
  "recall_passed": true,
  "concurrency": 4,
  "comparison": {
    "previous_qps": 860.3073327331101,
    "qps_change_pct": -3.42,
    "previous_recall": 0.9568999999999968,
    "recall_change_pct": 0.1
  }
}