{
  "qps": 59.55328149989686,
  "total_queries": 1000,
  "duration_secs": 16.791685946,
  "avg_latency_ms": 66.98495445400006,
  "p50_latency_ms": 50.508457,
  "p95_latency_ms": 96.4130444,
  "p99_latency_ms": 99.14967203,
  "recall": 0.9993,
  "recall_threshold": 0.95,
  "recall_passed": true,
  "concurrency": 4,
  "comparison": {
    "previous_qps": 40.94853281658342,
    "qps_change_pct": 45.43,
    "previous_recall": 0.9993999999999998,
    "recall_change_pct": -0.01
  }
}