{
  "qps": 40.94853281658342,
  "total_queries": 1000,
  "duration_secs": 24.420899388,
  "avg_latency_ms": 97.48930301000024,
  "p50_latency_ms": 85.3393585,
  "p95_latency_ms": 167.0288282,
  "p99_latency_ms": 176.80670296000002,
  "recall": 0.9993999999999998,
  "recall_threshold": 0.95,
  "recall_passed": true,
  "concurrency": 4
}