{
  "qps": 48.54190293382437,
  "total_queries": 10000,
  "duration_secs": 206.007580989,
  "avg_latency_ms": 82.28686313860011,
  "p50_latency_ms": 58.403444,
  "p95_latency_ms": 121.82657529999994,
  "p99_latency_ms": 126.17076975,
  "recall": 0.999399999999999,
  "recall_threshold": 0.95,
  "recall_passed": true,
  "concurrency": 4,
  "comparison": {
    "previous_qps": 59.23327372211579,
    "qps_change_pct": -18.05,
    "previous_recall": 0.9993,
    "recall_change_pct": 0.01
  }
}