{
  "qps": 20.707441556714755,
  "total_queries": 1000,
  "duration_secs": 48.291818053,
  "avg_latency_ms": 192.872431374,
  "p50_latency_ms": 187.4151155,
  "p95_latency_ms": 205.9698913499999,
  "p99_latency_ms": 359.31091684,
  "recall": 0.9990999999999998,
  "recall_threshold": 0.95,
  "recall_passed": true,
  "concurrency": 4
}