{
  "qps": 40.570754553509886,
  "total_queries": 1000,
  "duration_secs": 24.648296809,
  "avg_latency_ms": 98.25850270399997,
  "p50_latency_ms": 70.275508,
  "p95_latency_ms": 138.63684289999998,
  "p99_latency_ms": 140.21139628,
  "recall": 0.9993,
  "recall_threshold": 0.95,
  "recall_passed": true,
  "concurrency": 4,
  "comparison": {
    "previous_qps": 22.745805084431765,
    "qps_change_pct": 78.37,
    "previous_recall": 0.9987999999999996,
    "recall_change_pct": 0.05
  }
}