{
  "qps": 22.745805084431765,
  "total_queries": 1000,
  "duration_secs": 43.964150589,
  "avg_latency_ms": 175.75064188199983,
  "p50_latency_ms": 186.341799,
  "p95_latency_ms": 271.4201306,
  "p99_latency_ms": 342.32452487,
  "recall": 0.9987999999999996,
  "recall_threshold": 0.95,
  "recall_passed": true,
  "concurrency": 4,
  "comparison": {
    "previous_qps": 20.707441556714755,
    "qps_change_pct": 9.84,
    "previous_recall": 0.9990999999999998,
    "recall_change_pct": -0.03
  }
}