{
  "qps": 2681.183042095322,
  "total_queries": 1000,
  "duration_secs": 0.372969687,
  "avg_latency_ms": 1.4589452180000004,
  "p50_latency_ms": 1.386226,
  "p95_latency_ms": 2.144811749999999,
  "p99_latency_ms": 2.6837066899999997,
  "recall": 0.9566999999999978,
  "recall_threshold": 0.95,
  "recall_passed": true,
  "concurrency": 4,
  "comparison": {
    "previous_qps": 3080.1422330831597,
    "qps_change_pct": -12.95,
    "previous_recall": 0.9477999999999972,
    "recall_change_pct": 0.94
  }
}