{
  "qps": 1071.0818626121732,
  "total_queries": 1000,
  "duration_secs": 0.933635453,
  "avg_latency_ms": 3.650465851000002,
  "p50_latency_ms": 3.5320245,
  "p95_latency_ms": 5.243766349999999,
  "p99_latency_ms": 6.3905614,
  "recall": 0.9905999999999988,
  "recall_threshold": 0.95,
  "recall_passed": true,
  "concurrency": 4,
  "comparison": {
    "previous_qps": 647.9584588492854,
    "qps_change_pct": 65.3,
    "previous_recall": 0.9965999999999996,
    "recall_change_pct": -0.6
  }
}