{
  "qps": 647.9584588492854,
  "total_queries": 1000,
  "duration_secs": 1.543308813,
  "avg_latency_ms": 6.061520431,
  "p50_latency_ms": 5.9430145,
  "p95_latency_ms": 8.239724549999998,
  "p99_latency_ms": 10.23478568,
  "recall": 0.9965999999999996,
  "recall_threshold": 0.95,
  "recall_passed": true,
  "concurrency": 4
}