{
  "qps": 1354.5833909832736,
  "total_queries": 1000,
  "duration_secs": 0.738234358,
  "avg_latency_ms": 2.902685727999994,
  "p50_latency_ms": 2.7849630000000003,
  "p95_latency_ms": 4.1670725,
  "p99_latency_ms": 5.32421728,
  "recall": 0.9765999999999978,
  "recall_threshold": 0.95,
  "recall_passed": true,
  "concurrency": 4,
  "comparison": {
    "previous_qps": 1292.3666010018642,
    "qps_change_pct": 4.81,
    "previous_recall": 0.9860999999999984,
    "recall_change_pct": -0.96
  }
}