{
  "qps": 1571.135167547229,
  "total_queries": 1000,
  "duration_secs": 0.636482475,
  "avg_latency_ms": 2.5142142430000036,
  "p50_latency_ms": 2.352397,
  "p95_latency_ms": 3.8152225999999985,
  "p99_latency_ms": 4.85041153,
  "recall": 0.5357000000000022,
  "recall_threshold": 0.95,
  "recall_passed": false,
  "concurrency": 4,
  "comparison": {
    "previous_qps": 2914.223061487379,
    "qps_change_pct": -46.09,
    "previous_recall": 0.9561999999999966,
    "recall_change_pct": -43.98
  }
}