{
  "qps": 2914.223061487379,
  "total_queries": 1000,
  "duration_secs": 0.343144632,
  "avg_latency_ms": 1.3442461409999995,
  "p50_latency_ms": 1.2886695,
  "p95_latency_ms": 1.9086155999999996,
  "p99_latency_ms": 2.34851815,
  "recall": 0.9561999999999966,
  "recall_threshold": 0.95,
  "recall_passed": true,
  "concurrency": 4,
  "comparison": {
    "previous_qps": 2734.3784521527955,
    "qps_change_pct": 6.58,
    "previous_recall": 0.9509999999999964,
    "recall_change_pct": 0.55
  }
}