{
  "qps": 3130.585248771404,
  "total_queries": 10000,
  "duration_secs": 3.194290909,
  "avg_latency_ms": 1.2529616505,
  "p50_latency_ms": 1.180463,
  "p95_latency_ms": 1.8162784,
  "p99_latency_ms": 2.199920660000001,
  "recall": 0.9589199999999716,
  "recall_threshold": 0.95,
  "recall_passed": true,
  "concurrency": 4,
  "comparison": {
    "previous_qps": 1571.135167547229,
    "qps_change_pct": 99.26,
    "previous_recall": 0.5357000000000022,
    "recall_change_pct": 79.0
  }
}