{
  "qps": 2821.6573938558545,
  "total_queries": 10000,
  "duration_secs": 3.5440163719999997,
  "avg_latency_ms": 1.3822638494,
  "p50_latency_ms": 1.3098605,
  "p95_latency_ms": 2.045313449999999,
  "p99_latency_ms": 2.48594567,
  "recall": 0.9589199999999716,
  "recall_threshold": 0.95,
  "recall_passed": true,
  "concurrency": 4,
  "comparison": {
    "previous_qps": 2975.054970313816,
    "qps_change_pct": -5.16,
    "previous_recall": 0.958999999999997,
    "recall_change_pct": -0.01
  }
}