{
  "qps": 2079.8732648360906,
  "total_queries": 1000,
  "duration_secs": 0.480798526,
  "avg_latency_ms": 1.8782492939999988,
  "p50_latency_ms": 1.7844475,
  "p95_latency_ms": 2.8679782499999997,
  "p99_latency_ms": 3.5270669399999997,
  "recall": 0.964099999999997,
  "recall_threshold": 0.95,
  "recall_passed": true,
  "concurrency": 4,
  "comparison": {
    "previous_qps": 2681.183042095322,
    "qps_change_pct": -22.43,
    "previous_recall": 0.9566999999999978,
    "recall_change_pct": 0.77
  }
}