{
  "qps": 2626.127121286352,
  "total_queries": 1000,
  "duration_secs": 0.380788878,
  "avg_latency_ms": 1.4906940179999992,
  "p50_latency_ms": 1.406044,
  "p95_latency_ms": 2.1674461,
  "p99_latency_ms": 2.75278971,
  "recall": 0.9561999999999966,
  "recall_threshold": 0.95,
  "recall_passed": true,
  "concurrency": 4,
  "comparison": {
    "previous_qps": 2821.6573938558545,
    "qps_change_pct": -6.93,
    "previous_recall": 0.9589199999999716,
    "recall_change_pct": -0.28
  }
}