{
  "qps": 2775.7486592453915,
  "total_queries": 1000,
  "duration_secs": 0.360263166,
  "avg_latency_ms": 1.4082471499999998,
  "p50_latency_ms": 1.332467,
  "p95_latency_ms": 2.11966415,
  "p99_latency_ms": 2.639137139999999,
  "recall": 0.9518999999999974,
  "recall_threshold": 0.95,
  "recall_passed": true,
  "concurrency": 4,
  "comparison": {
    "previous_qps": 2079.8732648360906,
    "qps_change_pct": 33.46,
    "previous_recall": 0.964099999999997,
    "recall_change_pct": -1.27
  }
}