{
  "qps": 2975.054970313816,
  "total_queries": 1000,
  "duration_secs": 0.336128243,
  "avg_latency_ms": 1.3125209160000004,
  "p50_latency_ms": 1.2487735,
  "p95_latency_ms": 1.854195,
  "p99_latency_ms": 2.18981735,
  "recall": 0.958999999999997,
  "recall_threshold": 0.95,
  "recall_passed": true,
  "concurrency": 4,
  "comparison": {
    "previous_qps": 2775.7486592453915,
    "qps_change_pct": 7.18,
    "previous_recall": 0.9518999999999974,
    "recall_change_pct": 0.75
  }
}