{
  "qps": 1292.3666010018642,
  "total_queries": 1000,
  "duration_secs": 0.773774252,
  "avg_latency_ms": 3.058685706000004,
  "p50_latency_ms": 2.9440685,
  "p95_latency_ms": 4.2538066500000005,
  "p99_latency_ms": 5.479689860000001,
  "recall": 0.9860999999999984,
  "recall_threshold": 0.95,
  "recall_passed": true,
  "concurrency": 4,
  "comparison": {
    "previous_qps": 1071.0818626121732,
    "qps_change_pct": 20.66,
    "previous_recall": 0.9905999999999988,
    "recall_change_pct": -0.45
  }
}