{
  "qps": 2734.3784521527955,
  "total_queries": 1000,
  "duration_secs": 0.365713824,
  "avg_latency_ms": 1.4287404449999983,
  "p50_latency_ms": 1.3454645,
  "p95_latency_ms": 2.152935899999999,
  "p99_latency_ms": 2.5326495200000005,
  "recall": 0.9509999999999964,
  "recall_threshold": 0.95,
  "recall_passed": true,
  "concurrency": 4,
  "comparison": {
    "previous_qps": 2626.127121286352,
    "qps_change_pct": 4.12,
    "previous_recall": 0.9561999999999966,
    "recall_change_pct": -0.54
  }
}