{
  "qps": 65.9653402192967,
  "total_queries": 1000,
  "duration_secs": 15.159476123,
  "avg_latency_ms": 60.491176553000045,
  "p50_latency_ms": 60.177286499999994,
  "p95_latency_ms": 99.55044695,
  "p99_latency_ms": 113.86097345999998,
  "recall": 0.9994999999999998,
  "recall_threshold": 0.95,
  "recall_passed": true,
  "concurrency": 4,
  "comparison": {
    "previous_qps": 73.27630173846225,
    "qps_change_pct": -9.98,
    "previous_recall": 0.9994999999999998,
    "recall_change_pct": 0.0
  }
}