{
  "qps": 54.340549429627835,
  "total_queries": 1000,
  "duration_secs": 18.402463915,
  "avg_latency_ms": 73.42950865200001,
  "p50_latency_ms": 81.8706435,
  "p95_latency_ms": 111.46958775,
  "p99_latency_ms": 131.86978374999998,
  "recall": 0.9993,
  "recall_threshold": 0.95,
  "recall_passed": true,
  "concurrency": 4,
  "comparison": {
    "previous_qps": 53.53929727671133,
    "qps_change_pct": 1.5,
    "previous_recall": 0.9994999999999998,
    "recall_change_pct": -0.02
  }
}