{
  "qps": 54.347067756328045,
  "total_queries": 1000,
  "duration_secs": 18.400256744,
  "avg_latency_ms": 73.44541508200001,
  "p50_latency_ms": 72.47337999999999,
  "p95_latency_ms": 121.37703685,
  "p99_latency_ms": 140.82435840999997,
  "recall": 0.9994999999999998,
  "recall_threshold": 0.95,
  "recall_passed": true,
  "concurrency": 4,
  "comparison": {
    "previous_qps": 65.9653402192967,
    "qps_change_pct": -17.61,
    "previous_recall": 0.9994999999999998,
    "recall_change_pct": 0.0
  }
}