{
  "qps": 73.27630173846225,
  "total_queries": 1000,
  "duration_secs": 13.646976939,
  "avg_latency_ms": 54.41900426400009,
  "p50_latency_ms": 53.680749,
  "p95_latency_ms": 90.62626745,
  "p99_latency_ms": 104.69148745,
  "recall": 0.9994999999999998,
  "recall_threshold": 0.95,
  "recall_passed": true,
  "concurrency": 4,
  "comparison": {
    "previous_qps": 67.14445090330344,
    "qps_change_pct": 9.13,
    "previous_recall": 0.9989999999999998,
    "recall_change_pct": 0.05
  }
}