{
  "qps": 49.862735299323425,
  "total_queries": 1000,
  "duration_secs": 20.055057028,
  "avg_latency_ms": 80.08446605900001,
  "p50_latency_ms": 78.3939915,
  "p95_latency_ms": 133.8438884,
  "p99_latency_ms": 154.69934045999997,
  "recall": 0.9993,
  "recall_threshold": 0.95,
  "recall_passed": true,
  "concurrency": 4,
  "comparison": {
    "previous_qps": 54.340549429627835,
    "qps_change_pct": -8.24,
    "previous_recall": 0.9993,
    "recall_change_pct": 0.0
  }
}