{
  "qps": 67.14445090330344,
  "total_queries": 1000,
  "duration_secs": 14.893263502,
  "avg_latency_ms": 59.4701665350001,
  "p50_latency_ms": 58.951537,
  "p95_latency_ms": 95.945413,
  "p99_latency_ms": 111.19741394999998,
  "recall": 0.9989999999999998,
  "recall_threshold": 0.95,
  "recall_passed": true,
  "concurrency": 4
}