{
  "qps": 54.69346000145711,
  "total_queries": 1000,
  "duration_secs": 18.283721673,
  "avg_latency_ms": 72.94186865000003,
  "p50_latency_ms": 69.49983950000001,
  "p95_latency_ms": 114.22025564999998,
  "p99_latency_ms": 160.95529120999998,
  "recall": 0.9994,
  "recall_threshold": 0.95,
  "recall_passed": true,
  "concurrency": 4,
  "comparison": {
    "previous_qps": 53.47434751493381,
    "qps_change_pct": 2.28,
    "previous_recall": 0.9994,
    "recall_change_pct": 0.0
  }
}