{
  "qps": 50.99031818595264,
  "total_queries": 1000,
  "duration_secs": 19.611566187,
  "avg_latency_ms": 78.23530972700004,
  "p50_latency_ms": 75.794636,
  "p95_latency_ms": 106.44288215,
  "p99_latency_ms": 155.74566408,
  "recall": 0.9994,
  "recall_threshold": 0.95,
  "recall_passed": true,
  "concurrency": 4,
  "comparison": {
    "previous_qps": 50.148831556862845,
    "qps_change_pct": 1.68,
    "previous_recall": 0.9994,
    "recall_change_pct": 0.0
  }
}