{
  "qps": 50.65556140727981,
  "total_queries": 1000,
  "duration_secs": 19.741169029,
  "avg_latency_ms": 78.78063097500014,
  "p50_latency_ms": 76.01043399999999,
  "p95_latency_ms": 122.05183884999998,
  "p99_latency_ms": 168.20872373999998,
  "recall": 0.9994,
  "recall_threshold": 0.95,
  "recall_passed": true,
  "concurrency": 4,
  "comparison": {
    "previous_qps": 42.66509627073747,
    "qps_change_pct": 18.73,
    "previous_recall": 0.9994,
    "recall_change_pct": 0.0
  }
}