{
  "qps": 43.318839347854194,
  "total_queries": 1000,
  "duration_secs": 23.08464435,
  "avg_latency_ms": 92.17160491300002,
  "p50_latency_ms": 66.980728,
  "p95_latency_ms": 131.38666350000003,
  "p99_latency_ms": 134.11635057,
  "recall": 0.9990999999999998,
  "recall_threshold": 0.95,
  "recall_passed": true,
  "concurrency": 4,
  "comparison": {
    "previous_qps": 48.80162747961862,
    "qps_change_pct": -11.23,
    "previous_recall": 0.9993999999999998,
    "recall_change_pct": -0.03
  }
}