{
  "qps": 42.66509627073747,
  "total_queries": 1000,
  "duration_secs": 23.438362676,
  "avg_latency_ms": 93.39324932100004,
  "p50_latency_ms": 68.7938895,
  "p95_latency_ms": 135.42426965,
  "p99_latency_ms": 137.09767459999998,
  "recall": 0.9994,
  "recall_threshold": 0.95,
  "recall_passed": true,
  "concurrency": 4,
  "comparison": {
    "previous_qps": 38.367430585787694,
    "qps_change_pct": 11.2,
    "previous_recall": 0.9994,
    "recall_change_pct": 0.0
  }
}