{
  "qps": 46.41858960357735,
  "total_queries": 1000,
  "duration_secs": 21.543093156,
  "avg_latency_ms": 85.96493942200009,
  "p50_latency_ms": 66.343324,
  "p95_latency_ms": 131.25282510000002,
  "p99_latency_ms": 132.87600035,
  "recall": 0.9993999999999998,
  "recall_threshold": 0.95,
  "recall_passed": true,
  "concurrency": 4,
  "comparison": {
    "previous_qps": 31.881821487389487,
    "qps_change_pct": 45.6,
    "previous_recall": 0.9993999999999998,
    "recall_change_pct": 0.0
  }
}