{
  "qps": 38.367430585787694,
  "total_queries": 1000,
  "duration_secs": 26.063772964,
  "avg_latency_ms": 103.7998339850001,
  "p50_latency_ms": 79.8661095,
  "p95_latency_ms": 156.34890585,
  "p99_latency_ms": 158.8952032,
  "recall": 0.9994,
  "recall_threshold": 0.95,
  "recall_passed": true,
  "concurrency": 4,
  "comparison": {
    "previous_qps": 43.318839347854194,
    "qps_change_pct": -11.43,
    "previous_recall": 0.9990999999999998,
    "recall_change_pct": 0.03
  }
}