{
  "qps": 227.3271459815681,
  "total_queries": 1000,
  "duration_secs": 4.398946706,
  "avg_latency_ms": 17.47692203999999,
  "p50_latency_ms": 17.277394,
  "p95_latency_ms": 24.1472113,
  "p99_latency_ms": 31.26562476999999,
  "recall": 0.9705999999999974,
  "recall_threshold": 0.95,
  "recall_passed": true,
  "concurrency": 4,
  "comparison": {
    "previous_qps": 62.300524417037934,
    "qps_change_pct": 264.89,
    "previous_recall": 0.9986999999999998,
    "recall_change_pct": -2.81
  }
}