{
  "qps": 52.73852928451013,
  "total_queries": 1000,
  "duration_secs": 18.961469225,
  "avg_latency_ms": 75.69692702100002,
  "p50_latency_ms": 93.8446135,
  "p95_latency_ms": 99.4226775,
  "p99_latency_ms": 101.49484236,
  "recall": 0.9993999999999998,
  "recall_threshold": 0.95,
  "recall_passed": true,
  "concurrency": 4
}