{
  "qps": 62.300524417037934,
  "total_queries": 1000,
  "duration_secs": 16.051229253,
  "avg_latency_ms": 63.93601025900005,
  "p50_latency_ms": 68.9332655,
  "p95_latency_ms": 78.22890504999998,
  "p99_latency_ms": 97.76941294999996,
  "recall": 0.9986999999999998,
  "recall_threshold": 0.95,
  "recall_passed": true,
  "concurrency": 4,
  "comparison": {
    "previous_qps": 52.73852928451013,
    "qps_change_pct": 18.13,
    "previous_recall": 0.9993999999999998,
    "recall_change_pct": -0.07
  }
}