{
  "qps": 209.10420077015644,
  "total_queries": 10000,
  "duration_secs": 47.823046898,
  "avg_latency_ms": 19.022412182699966,
  "p50_latency_ms": 18.7338275,
  "p95_latency_ms": 26.3130195,
  "p99_latency_ms": 29.55723517000001,
  "recall": 0.9723899999999798,
  "recall_threshold": 0.95,
  "recall_passed": true,
  "concurrency": 4,
  "comparison": {
    "previous_qps": 226.5585845694068,
    "qps_change_pct": -7.7,
    "previous_recall": 0.9723899999999798,
    "recall_change_pct": 0.0
  }
}