{
  "qps": 50.33396658808768,
  "total_queries": 1000,
  "duration_secs": 19.867299714,
  "avg_latency_ms": 79.29065892500005,
  "p50_latency_ms": 75.683378,
  "p95_latency_ms": 120.03476044999988,
  "p99_latency_ms": 176.30613244,
  "recall": 0.9994,
  "recall_threshold": 0.95,
  "recall_passed": true,
  "concurrency": 4,
  "comparison": {
    "previous_qps": 34.625988681386325,
    "qps_change_pct": 45.36,
    "previous_recall": 0.9993999999999998,
    "recall_change_pct": 0.0
  }
}