{
  "qps": 43.110705660270106,
  "total_queries": 1000,
  "duration_secs": 23.196094443,
  "avg_latency_ms": 92.63323806799994,
  "p50_latency_ms": 68.040385,
  "p95_latency_ms": 131.3896572,
  "p99_latency_ms": 133.27595699999998,
  "recall": 0.9994,
  "recall_threshold": 0.95,
  "recall_passed": true,
  "concurrency": 4,
  "comparison": {
    "previous_qps": 50.262526892810456,
    "qps_change_pct": -14.23,
    "previous_recall": 0.9994,
    "recall_change_pct": 0.0
  }
}