{
  "qps": 38.90718279059522,
  "total_queries": 10000,
  "duration_secs": 257.021950261,
  "avg_latency_ms": 102.66942813830045,
  "p50_latency_ms": 75.311629,
  "p95_latency_ms": 148.10494975,
  "p99_latency_ms": 150.01868883,
  "recall": 0.9993699999999988,
  "recall_threshold": 0.95,
  "recall_passed": true,
  "concurrency": 4,
  "comparison": {
    "previous_qps": 42.3226912852173,
    "qps_change_pct": -8.07,
    "previous_recall": 0.9994,
    "recall_change_pct": -0.0
  }
}