{
  "qps": 14.75428173939824,
  "total_queries": 1000,
  "duration_secs": 67.776935378,
  "avg_latency_ms": 270.9370772250001,
  "p50_latency_ms": 266.86312999999996,
  "p95_latency_ms": 343.74038640000003,
  "p99_latency_ms": 450.20327505,
  "recall": 0.9993999999999998,
  "recall_threshold": 0.95,
  "recall_passed": true,
  "concurrency": 4
}