{
  "qps": 13.70610250824551,
  "total_queries": 1000,
  "duration_secs": 72.960201443,
  "avg_latency_ms": 291.00087765600034,
  "p50_latency_ms": 257.0324565,
  "p95_latency_ms": 501.3670397999999,
  "p99_latency_ms": 512.88602884,
  "recall": 0.9993999999999998,
  "recall_threshold": 0.95,
  "recall_passed": true,
  "concurrency": 4,
  "comparison": {
    "previous_qps": 14.75428173939824,
    "qps_change_pct": -7.1,
    "previous_recall": 0.9993999999999998,
    "recall_change_pct": 0.0
  }
}