{
  "qps": 49.49287099053963,
  "total_queries": 1000,
  "duration_secs": 20.204930124,
  "avg_latency_ms": 80.63964067299999,
  "p50_latency_ms": 77.633455,
  "p95_latency_ms": 122.24892914999994,
  "p99_latency_ms": 172.3787289499999,
  "recall": 0.9994,
  "recall_threshold": 0.95,
  "recall_passed": true,
  "concurrency": 4,
  "comparison": {
    "previous_qps": 50.33396658808768,
    "qps_change_pct": -1.67,
    "previous_recall": 0.9994,
    "recall_change_pct": 0.0
  }
}