{
  "qps": 34.625988681386325,
  "total_queries": 1000,
  "duration_secs": 28.880041786,
  "avg_latency_ms": 115.17531512400004,
  "p50_latency_ms": 92.4273735,
  "p95_latency_ms": 178.8324912,
  "p99_latency_ms": 180.81064199,
  "recall": 0.9993999999999998,
  "recall_threshold": 0.95,
  "recall_passed": true,
  "concurrency": 4,
  "comparison": {
    "previous_qps": 13.70610250824551,
    "qps_change_pct": 152.63,
    "previous_recall": 0.9993999999999998,
    "recall_change_pct": 0.0
  }
}