{
  "qps": 40.47860811204374,
  "total_queries": 1000,
  "duration_secs": 24.704406763,
  "avg_latency_ms": 98.57768260300006,
  "p50_latency_ms": 77.006947,
  "p95_latency_ms": 147.53978070000002,
  "p99_latency_ms": 150.26326193,
  "recall": 0.9994,
  "recall_threshold": 0.95,
  "recall_passed": true,
  "concurrency": 4,
  "comparison": {
    "previous_qps": 49.49287099053963,
    "qps_change_pct": -18.21,
    "previous_recall": 0.9994,
    "recall_change_pct": 0.0
  }
}