{
  "qps": 57.89372612673105,
  "total_queries": 1000,
  "duration_secs": 17.273028822,
  "avg_latency_ms": 68.974633739,
  "p50_latency_ms": 74.840824,
  "p95_latency_ms": 101.47003475,
  "p99_latency_ms": 121.23594881999992,
  "recall": 0.999,
  "recall_threshold": 0.95,
  "recall_passed": true,
  "concurrency": 4,
  "comparison": {
    "previous_qps": 40.76191871442226,
    "qps_change_pct": 42.03,
    "previous_recall": 0.9990999999999998,
    "recall_change_pct": -0.01
  }
}