{
  "qps": 58.68959433388579,
  "total_queries": 1000,
  "duration_secs": 17.038795571,
  "avg_latency_ms": 68.05387321199996,
  "p50_latency_ms": 65.4520805,
  "p95_latency_ms": 98.43826379999996,
  "p99_latency_ms": 183.72979506,
  "recall": 0.9990999999999998,
  "recall_threshold": 0.95,
  "recall_passed": true,
  "concurrency": 4
}