{
  "qps": 50.576181257622,
  "total_queries": 1000,
  "duration_secs": 19.772153119,
  "avg_latency_ms": 78.92633742699995,
  "p50_latency_ms": 75.34795199999999,
  "p95_latency_ms": 120.3612347,
  "p99_latency_ms": 177.57357063,
  "recall": 0.9994,
  "recall_threshold": 0.95,
  "recall_passed": true,
  "concurrency": 4,
  "comparison": {
    "previous_qps": 49.252991836369496,
    "qps_change_pct": 2.69,
    "previous_recall": 0.999,
    "recall_change_pct": 0.04
  }
}