{
  "qps": 49.252991836369496,
  "total_queries": 1000,
  "duration_secs": 20.303335142,
  "avg_latency_ms": 81.00002465700001,
  "p50_latency_ms": 87.3287945,
  "p95_latency_ms": 127.36185584999998,
  "p99_latency_ms": 145.8681,
  "recall": 0.999,
  "recall_threshold": 0.95,
  "recall_passed": true,
  "concurrency": 4,
  "comparison": {
    "previous_qps": 52.15220195119872,
    "qps_change_pct": -5.56,
    "previous_recall": 0.999,
    "recall_change_pct": 0.0
  }
}