{
  "qps": 45.064146553327674,
  "total_queries": 10000,
  "duration_secs": 221.90590003,
  "avg_latency_ms": 88.64609683709985,
  "p50_latency_ms": 84.7321925,
  "p95_latency_ms": 130.51908994999997,
  "p99_latency_ms": 175.16041112000005,
  "recall": 0.9993699999999988,
  "recall_threshold": 0.95,
  "recall_passed": true,
  "concurrency": 4,
  "comparison": {
    "previous_qps": 50.576181257622,
    "qps_change_pct": -10.9,
    "previous_recall": 0.9994,
    "recall_change_pct": -0.0
  }
}