{
  "qps": 47.60048527487589,
  "total_queries": 1000,
  "duration_secs": 21.008189186,
  "avg_latency_ms": 83.82595364500001,
  "p50_latency_ms": 80.5561355,
  "p95_latency_ms": 119.1412388,
  "p99_latency_ms": 159.38974338,
  "recall": 0.9994,
  "recall_threshold": 0.95,
  "recall_passed": true,
  "concurrency": 4,
  "comparison": {
    "previous_qps": 45.36838345395151,
    "qps_change_pct": 4.92,
    "previous_recall": 0.9994,
    "recall_change_pct": 0.0
  }
}