{
  "qps": 49.130158128658984,
  "total_queries": 1000,
  "duration_secs": 20.354096915,
  "avg_latency_ms": 81.29832158,
  "p50_latency_ms": 78.92568449999999,
  "p95_latency_ms": 115.63046975,
  "p99_latency_ms": 165.23665170999996,
  "recall": 0.9994,
  "recall_threshold": 0.95,
  "recall_passed": true,
  "concurrency": 4,
  "comparison": {
    "previous_qps": 51.32995329734909,
    "qps_change_pct": -4.29,
    "previous_recall": 0.9994,
    "recall_change_pct": 0.0
  }
}