{
  "qps": 44.46058217549102,
  "total_queries": 1000,
  "duration_secs": 22.491833239,
  "avg_latency_ms": 89.81195532599983,
  "p50_latency_ms": 87.740024,
  "p95_latency_ms": 120.68465399999998,
  "p99_latency_ms": 171.45058559999998,
  "recall": 0.9994,
  "recall_threshold": 0.95,
  "recall_passed": true,
  "concurrency": 4,
  "comparison": {
    "previous_qps": 47.60048527487589,
    "qps_change_pct": -6.6,
    "previous_recall": 0.9994,
    "recall_change_pct": 0.0
  }
}