{
  "qps": 45.36838345395151,
  "total_queries": 1000,
  "duration_secs": 22.041781608,
  "avg_latency_ms": 87.99888578000014,
  "p50_latency_ms": 86.22052550000001,
  "p95_latency_ms": 125.93243595,
  "p99_latency_ms": 166.12365490999997,
  "recall": 0.9994,
  "recall_threshold": 0.95,
  "recall_passed": true,
  "concurrency": 4,
  "comparison": {
    "previous_qps": 49.130158128658984,
    "qps_change_pct": -7.66,
    "previous_recall": 0.9994,
    "recall_change_pct": 0.0
  }
}