{
  "qps": 54.079749099712366,
  "total_queries": 1000,
  "duration_secs": 18.491210049,
  "avg_latency_ms": 73.74799086000007,
  "p50_latency_ms": 70.35448199999999,
  "p95_latency_ms": 114.5322273,
  "p99_latency_ms": 158.1178807999999,
  "recall": 0.9994,
  "recall_threshold": 0.95,
  "recall_passed": true,
  "concurrency": 4,
  "comparison": {
    "previous_qps": 52.09558841079688,
    "qps_change_pct": 3.81,
    "previous_recall": 0.9994,
    "recall_change_pct": 0.0
  }
}