{
  "qps": 40.54315750493052,
  "total_queries": 1000,
  "duration_secs": 24.665074492,
  "avg_latency_ms": 98.55746445699997,
  "p50_latency_ms": 70.429727,
  "p95_latency_ms": 141.47888719999997,
  "p99_latency_ms": 152.90675007,
  "recall": 0.9993,
  "recall_threshold": 0.95,
  "recall_passed": true,
  "concurrency": 4,
  "comparison": {
    "previous_qps": 51.68884039102575,
    "qps_change_pct": -21.56,
    "previous_recall": 0.9992,
    "recall_change_pct": 0.01
  }
}