{
  "qps": 49.26941143985212,
  "total_queries": 10000,
  "duration_secs": 202.965688198,
  "avg_latency_ms": 81.1034488375003,
  "p50_latency_ms": 82.5918845,
  "p95_latency_ms": 134.23677210000002,
  "p99_latency_ms": 166.17632870000006,
  "recall": 0.9992999999999984,
  "recall_threshold": 0.95,
  "recall_passed": true,
  "concurrency": 4,
  "comparison": {
    "previous_qps": 51.444565019101304,
    "qps_change_pct": -4.23,
    "previous_recall": 0.9993999999999998,
    "recall_change_pct": -0.01
  }
}