{
  "qps": 47.722929303062735,
  "total_queries": 1000,
  "duration_secs": 20.954287899,
  "avg_latency_ms": 83.69575652399992,
  "p50_latency_ms": 91.4559935,
  "p95_latency_ms": 141.67159944999997,
  "p99_latency_ms": 163.28907114999998,
  "recall": 0.9995,
  "recall_threshold": 0.95,
  "recall_passed": true,
  "concurrency": 4,
  "comparison": {
    "previous_qps": 19.65651322401548,
    "qps_change_pct": 142.78,
    "previous_recall": 0.9990999999999998,
    "recall_change_pct": 0.04
  }
}