{
  "qps": 50.82473862954536,
  "total_queries": 1000,
  "duration_secs": 19.675457798,
  "avg_latency_ms": 78.50792854000001,
  "p50_latency_ms": 91.3663065,
  "p95_latency_ms": 118.9102325,
  "p99_latency_ms": 135.25653254,
  "recall": 0.9993,
  "recall_threshold": 0.95,
  "recall_passed": true,
  "concurrency": 4,
  "comparison": {
    "previous_qps": 40.54315750493052,
    "qps_change_pct": 25.36,
    "previous_recall": 0.9993,
    "recall_change_pct": 0.0
  }
}