{
  "qps": 34.169098356756386,
  "total_queries": 10000,
  "duration_secs": 292.662097653,
  "avg_latency_ms": 116.99057038390026,
  "p50_latency_ms": 112.865901,
  "p95_latency_ms": 191.67579949999987,
  "p99_latency_ms": 270.03176722,
  "recall": 0.9993699999999988,
  "recall_threshold": 0.95,
  "recall_passed": true,
  "concurrency": 4,
  "comparison": {
    "previous_qps": 34.79377254200495,
    "qps_change_pct": -1.8,
    "previous_recall": 0.9994,
    "recall_change_pct": -0.0
  }
}