{
  "qps": 36.76300744087024,
  "total_queries": 1000,
  "duration_secs": 27.201256633,
  "avg_latency_ms": 108.70343019300014,
  "p50_latency_ms": 104.352443,
  "p95_latency_ms": 174.6999610999999,
  "p99_latency_ms": 227.97050161999996,
  "recall": 0.9994,
  "recall_threshold": 0.95,
  "recall_passed": true,
  "concurrency": 4,
  "comparison": {
    "previous_qps": 34.63454430329156,
    "qps_change_pct": 6.15,
    "previous_recall": 0.9993999999999998,
    "recall_change_pct": 0.0
  }
}