{
  "qps": 34.79377254200495,
  "total_queries": 1000,
  "duration_secs": 28.740775344,
  "avg_latency_ms": 114.77359905900003,
  "p50_latency_ms": 113.907802,
  "p95_latency_ms": 189.2134877999999,
  "p99_latency_ms": 248.80386026999997,
  "recall": 0.9994,
  "recall_threshold": 0.95,
  "recall_passed": true,
  "concurrency": 4,
  "comparison": {
    "previous_qps": 41.818331145815876,
    "qps_change_pct": -16.8,
    "previous_recall": 0.9994,
    "recall_change_pct": 0.0
  }
}