{
  "qps": 41.818331145815876,
  "total_queries": 1000,
  "duration_secs": 23.912958088,
  "avg_latency_ms": 95.50995324800022,
  "p50_latency_ms": 91.598072,
  "p95_latency_ms": 139.43568774999991,
  "p99_latency_ms": 192.20424124,
  "recall": 0.9994,
  "recall_threshold": 0.95,
  "recall_passed": true,
  "concurrency": 4,
  "comparison": {
    "previous_qps": 36.76300744087024,
    "qps_change_pct": 13.75,
    "previous_recall": 0.9994,
    "recall_change_pct": 0.0
  }
}