{
  "qps": 34.63454430329156,
  "total_queries": 1000,
  "duration_secs": 28.872907674,
  "avg_latency_ms": 115.23226213200006,
  "p50_latency_ms": 110.5278765,
  "p95_latency_ms": 150.03936279999982,
  "p99_latency_ms": 216.31295845,
  "recall": 0.9993999999999998,
  "recall_threshold": 0.95,
  "recall_passed": true,
  "concurrency": 4,
  "comparison": {
    "previous_qps": 16.565504633199854,
    "qps_change_pct": 109.08,
    "previous_recall": 0.9993999999999998,
    "recall_change_pct": 0.0
  }
}