{
  "qps": 52.59225139570238,
  "total_queries": 10000,
  "duration_secs": 190.142078626,
  "avg_latency_ms": 75.95389433139978,
  "p50_latency_ms": 79.673945,
  "p95_latency_ms": 121.3698661,
  "p99_latency_ms": 139.77977514,
  "recall": 0.9992899999999988,
  "recall_threshold": 0.95,
  "recall_passed": true,
  "concurrency": 4,
  "comparison": {
    "previous_qps": 55.591375113803394,
    "qps_change_pct": -5.39,
    "previous_recall": 0.9993,
    "recall_change_pct": -0.0
  }
}