{
  "qps": 55.591375113803394,
  "total_queries": 1000,
  "duration_secs": 17.988401941,
  "avg_latency_ms": 71.763664133,
  "p50_latency_ms": 73.329856,
  "p95_latency_ms": 115.37207689999995,
  "p99_latency_ms": 133.14934692999995,
  "recall": 0.9993,
  "recall_threshold": 0.95,
  "recall_passed": true,
  "concurrency": 4,
  "comparison": {
    "previous_qps": 37.11195921147448,
    "qps_change_pct": 49.79,
    "previous_recall": 0.9993999999999998,
    "recall_change_pct": -0.01
  }
}