{
  "qps": 19.54535651329355,
  "total_queries": 1000,
  "duration_secs": 51.163047311,
  "avg_latency_ms": 204.42829341200007,
  "p50_latency_ms": 249.130968,
  "p95_latency_ms": 301.88599605,
  "p99_latency_ms": 349.9772247899999,
  "recall": 0.9993999999999998,
  "recall_threshold": 0.95,
  "recall_passed": true,
  "concurrency": 4
}