{
  "qps": 124.21876798260756,
  "total_queries": 100,
  "duration_secs": 0.80503133,
  "avg_latency_ms": 31.54739297999998,
  "p50_latency_ms": 31.2247385,
  "p95_latency_ms": 39.967533249999995,
  "p99_latency_ms": 63.80170380000002,
  "recall": 0.9840000000000002,
  "recall_threshold": 0.95,
  "recall_passed": true,
  "concurrency": 4,
  "comparison": {
    "previous_qps": 547.960707513057,
    "qps_change_pct": -77.33,
    "previous_recall": 0.5489999999999999,
    "recall_change_pct": 79.23
  }
}