{
  "qps": 140.8621863487215,
  "total_queries": 1000,
  "duration_secs": 7.099137291,
  "avg_latency_ms": 28.235352962999983,
  "p50_latency_ms": 28.0083935,
  "p95_latency_ms": 33.17439875,
  "p99_latency_ms": 43.24619084999999,
  "recall": 0.9966999999999996,
  "recall_threshold": 0.95,
  "recall_passed": true,
  "concurrency": 4,
  "comparison": {
    "previous_qps": 124.21876798260756,
    "qps_change_pct": 13.4,
    "previous_recall": 0.9840000000000002,
    "recall_change_pct": 1.29
  }
}