{
  "qps": 111.91421864851029,
  "total_queries": 1000,
  "duration_secs": 8.935415107,
  "avg_latency_ms": 35.564527969000025,
  "p50_latency_ms": 35.074646,
  "p95_latency_ms": 40.35871215,
  "p99_latency_ms": 58.72015059,
  "recall": 0.9966999999999996,
  "recall_threshold": 0.95,
  "recall_passed": true,
  "concurrency": 4,
  "comparison": {
    "previous_qps": 108.73836685009542,
    "qps_change_pct": 2.92,
    "previous_recall": 0.996,
    "recall_change_pct": 0.07
  }
}