{
  "qps": 131.3123150553546,
  "total_queries": 10000,
  "duration_secs": 76.154319538,
  "avg_latency_ms": 30.3375553054,
  "p50_latency_ms": 30.1819805,
  "p95_latency_ms": 35.16330715,
  "p99_latency_ms": 44.52946933000001,
  "recall": 0.9963299999999936,
  "recall_threshold": 0.95,
  "recall_passed": true,
  "concurrency": 4,
  "comparison": {
    "previous_qps": 140.8621863487215,
    "qps_change_pct": -6.78,
    "previous_recall": 0.9966999999999996,
    "recall_change_pct": -0.04
  }
}