{
  "qps": 547.960707513057,
  "total_queries": 100,
  "duration_secs": 0.182494837,
  "avg_latency_ms": 7.08478659,
  "p50_latency_ms": 6.781051,
  "p95_latency_ms": 10.0410728,
  "p99_latency_ms": 16.798538250000007,
  "recall": 0.5489999999999999,
  "recall_threshold": 0.95,
  "recall_passed": false,
  "concurrency": 4,
  "comparison": {
    "previous_qps": 111.91421864851029,
    "qps_change_pct": 389.63,
    "previous_recall": 0.9966999999999996,
    "recall_change_pct": -44.92
  }
}