{
  "qps": 57.806136606186136,
  "total_queries": 1000,
  "duration_secs": 17.299201412,
  "avg_latency_ms": 69.01127178900009,
  "p50_latency_ms": 63.237715,
  "p95_latency_ms": 118.9348288,
  "p99_latency_ms": 187.92486331999996,
  "recall": 0.9994,
  "recall_threshold": 0.95,
  "recall_passed": true,
  "concurrency": 4,
  "comparison": {
    "previous_qps": 59.22587057732764,
    "qps_change_pct": -2.4,
    "previous_recall": 0.9994,
    "recall_change_pct": 0.0
  }
}