{
  "qps": 48.67721099758467,
  "total_queries": 1000,
  "duration_secs": 20.543494163,
  "avg_latency_ms": 82.03361704799995,
  "p50_latency_ms": 78.07570849999999,
  "p95_latency_ms": 126.76944845,
  "p99_latency_ms": 189.12759768999987,
  "recall": 0.9994,
  "recall_threshold": 0.95,
  "recall_passed": true,
  "concurrency": 4,
  "comparison": {
    "previous_qps": 57.806136606186136,
    "qps_change_pct": -15.79,
    "previous_recall": 0.9994,
    "recall_change_pct": 0.0
  }
}