{
  "qps": 65.8715943491103,
  "total_queries": 1000,
  "duration_secs": 15.181050495,
  "avg_latency_ms": 60.61798363399997,
  "p50_latency_ms": 56.8980725,
  "p95_latency_ms": 96.73575319999996,
  "p99_latency_ms": 146.20733353999998,
  "recall": 0.9994,
  "recall_threshold": 0.95,
  "recall_passed": true,
  "concurrency": 4,
  "comparison": {
    "previous_qps": 48.67721099758467,
    "qps_change_pct": 35.32,
    "previous_recall": 0.9994,
    "recall_change_pct": 0.0
  }
}