{
  "qps": 64.2400556164906,
  "total_queries": 10000,
  "duration_secs": 155.666116787,
  "avg_latency_ms": 62.15869506449979,
  "p50_latency_ms": 58.908617,
  "p95_latency_ms": 102.38043274999998,
  "p99_latency_ms": 154.18503854000048,
  "recall": 0.9993699999999988,
  "recall_threshold": 0.95,
  "recall_passed": true,
  "concurrency": 4,
  "comparison": {
    "previous_qps": 63.721857558227384,
    "qps_change_pct": 0.81,
    "previous_recall": 0.9994,
    "recall_change_pct": -0.0
  }
}