{
  "qps": 63.721857558227384,
  "total_queries": 1000,
  "duration_secs": 15.693202275,
  "avg_latency_ms": 62.65915248800006,
  "p50_latency_ms": 59.344972,
  "p95_latency_ms": 101.20182274999998,
  "p99_latency_ms": 154.54013059000002,
  "recall": 0.9994,
  "recall_threshold": 0.95,
  "recall_passed": true,
  "concurrency": 4,
  "comparison": {
    "previous_qps": 53.13346180781592,
    "qps_change_pct": 19.93,
    "previous_recall": 0.9994,
    "recall_change_pct": 0.0
  }
}