{
  "qps": 162.60929813447044,
  "total_queries": 1000,
  "duration_secs": 6.149709835,
  "avg_latency_ms": 24.516093147000007,
  "p50_latency_ms": 22.2259245,
  "p95_latency_ms": 52.0187387,
  "p99_latency_ms": 89.81348726,
  "recall": 0.9837999999999985,
  "recall_threshold": 0.95,
  "recall_passed": true,
  "concurrency": 4,
  "comparison": {
    "previous_qps": 64.91876101400217,
    "qps_change_pct": 150.48,
    "previous_recall": 0.9994,
    "recall_change_pct": -1.56
  }
}