{
  "qps": 131.46396436664935,
  "total_queries": 1000,
  "duration_secs": 7.606647227,
  "avg_latency_ms": 30.323529422000007,
  "p50_latency_ms": 28.0794305,
  "p95_latency_ms": 59.81821745,
  "p99_latency_ms": 108.01443861,
  "recall": 0.9915999999999988,
  "recall_threshold": 0.95,
  "recall_passed": true,
  "concurrency": 4,
  "comparison": {
    "previous_qps": 117.28280744076476,
    "qps_change_pct": 12.09,
    "previous_recall": 0.9950999999999992,
    "recall_change_pct": -0.35
  }
}