{
  "qps": 326.615959197361,
  "total_queries": 10000,
  "duration_secs": 30.616997481,
  "avg_latency_ms": 12.1572281777,
  "p50_latency_ms": 11.6642055,
  "p95_latency_ms": 20.5750914,
  "p99_latency_ms": 29.563500410000003,
  "recall": 0.9911299999999886,
  "recall_threshold": 0.95,
  "recall_passed": true,
  "concurrency": 4,
  "comparison": {
    "previous_qps": 272.33720410032396,
    "qps_change_pct": 19.93,
    "previous_recall": 0.9917999999999988,
    "recall_change_pct": -0.07
  }
}