{
  "qps": 297.181137583172,
  "total_queries": 10000,
  "duration_secs": 33.649511141,
  "avg_latency_ms": 13.369493103000028,
  "p50_latency_ms": 12.6295265,
  "p95_latency_ms": 23.574054249999996,
  "p99_latency_ms": 33.24997014000001,
  "recall": 0.9911299999999886,
  "recall_threshold": 0.95,
  "recall_passed": true,
  "concurrency": 4,
  "comparison": {
    "previous_qps": 326.615959197361,
    "qps_change_pct": -9.01,
    "previous_recall": 0.9911299999999886,
    "recall_change_pct": 0.0
  }
}