{
  "qps": 47.636667623920424,
  "total_queries": 1000,
  "duration_secs": 20.992232452,
  "avg_latency_ms": 83.80262000900008,
  "p50_latency_ms": 79.9751825,
  "p95_latency_ms": 127.61115685,
  "p99_latency_ms": 169.87597007999997,
  "recall": 0.9994,
  "recall_threshold": 0.95,
  "recall_passed": true,
  "concurrency": 4,
  "comparison": {
    "previous_qps": 5.9698049465319345,
    "qps_change_pct": 697.96,
    "previous_recall": 0.9993999999999998,
    "recall_change_pct": 0.0
  }
}