{
  "qps": 270.94846379495993,
  "total_queries": 1000,
  "duration_secs": 3.69073877,
  "avg_latency_ms": 14.666906052000009,
  "p50_latency_ms": 13.6260175,
  "p95_latency_ms": 26.35202244999999,
  "p99_latency_ms": 41.737579879999984,
  "recall": 0.9914999999999988,
  "recall_threshold": 0.95,
  "recall_passed": true,
  "concurrency": 4,
  "comparison": {
    "previous_qps": 131.46396436664935,
    "qps_change_pct": 106.1,
    "previous_recall": 0.9915999999999988,
    "recall_change_pct": -0.01
  }
}