{
  "qps": 160.52927431527303,
  "total_queries": 1000,
  "duration_secs": 6.229393388,
  "avg_latency_ms": 24.820611763000016,
  "p50_latency_ms": 22.7402575,
  "p95_latency_ms": 50.19742254999999,
  "p99_latency_ms": 67.62110021,
  "recall": 0.977899999999998,
  "recall_threshold": 0.95,
  "recall_passed": true,
  "concurrency": 4,
  "comparison": {
    "previous_qps": 35.48511752157365,
    "qps_change_pct": 352.38,
    "previous_recall": 0.9994,
    "recall_change_pct": -2.15
  }
}