{
  "qps": 290.125939540702,
  "total_queries": 10000,
  "duration_secs": 34.467790146,
  "avg_latency_ms": 13.701796922399982,
  "p50_latency_ms": 12.49936,
  "p95_latency_ms": 26.87541599999999,
  "p99_latency_ms": 36.80176003,
  "recall": 0.964279999999973,
  "recall_threshold": 0.95,
  "recall_passed": true,
  "concurrency": 4,
  "comparison": {
    "previous_qps": 199.0742761086584,
    "qps_change_pct": 45.74,
    "previous_recall": 0.978199999999998,
    "recall_change_pct": -1.42
  }
}