{
  "qps": 199.0742761086584,
  "total_queries": 1000,
  "duration_secs": 5.023250716,
  "avg_latency_ms": 20.01474112499999,
  "p50_latency_ms": 17.783713,
  "p95_latency_ms": 39.50294814999999,
  "p99_latency_ms": 53.448501259999986,
  "recall": 0.978199999999998,
  "recall_threshold": 0.95,
  "recall_passed": true,
  "concurrency": 4,
  "comparison": {
    "previous_qps": 194.78946745299797,
    "qps_change_pct": 2.2,
    "previous_recall": 0.978199999999998,
    "recall_change_pct": 0.0
  }
}