{
  "qps": 35.48511752157365,
  "total_queries": 1000,
  "duration_secs": 28.180828185,
  "avg_latency_ms": 112.377965983,
  "p50_latency_ms": 86.933929,
  "p95_latency_ms": 167.5652826,
  "p99_latency_ms": 170.52847921,
  "recall": 0.9994,
  "recall_threshold": 0.95,
  "recall_passed": true,
  "concurrency": 4,
  "comparison": {
    "previous_qps": 38.496944077315945,
    "qps_change_pct": -7.82,
    "previous_recall": 0.9994,
    "recall_change_pct": 0.0
  }
}