{
  "qps": 38.496944077315945,
  "total_queries": 1000,
  "duration_secs": 25.976087816,
  "avg_latency_ms": 103.73123068699996,
  "p50_latency_ms": 79.59640049999999,
  "p95_latency_ms": 160.7012121,
  "p99_latency_ms": 162.22814274999996,
  "recall": 0.9994,
  "recall_threshold": 0.95,
  "recall_passed": true,
  "concurrency": 4,
  "comparison": {
    "previous_qps": 44.99889006255259,
    "qps_change_pct": -14.45,
    "previous_recall": 0.9993999999999998,
    "recall_change_pct": 0.0
  }
}