{
  "qps": 42.686308159916386,
  "total_queries": 10000,
  "duration_secs": 234.267155701,
  "avg_latency_ms": 93.5934872132002,
  "p50_latency_ms": 91.70382,
  "p95_latency_ms": 153.79703859999952,
  "p99_latency_ms": 176.77687696000012,
  "recall": 0.59909,
  "recall_threshold": 0.95,
  "recall_passed": false,
  "concurrency": 4,
  "comparison": {
    "previous_qps": 35.23230115916556,
    "qps_change_pct": 21.16,
    "previous_recall": 0.9993999999999998,
    "recall_change_pct": -40.06
  }
}