{
  "qps": 36.50623854599425,
  "total_queries": 100,
  "duration_secs": 2.739257836,
  "avg_latency_ms": 108.48464531000002,
  "p50_latency_ms": 109.9348015,
  "p95_latency_ms": 142.55036025,
  "p99_latency_ms": 151.3327055600001,
  "recall": 0.998,
  "recall_threshold": 0.95,
  "recall_passed": true,
  "concurrency": 4,
  "comparison": {
    "previous_qps": 50.86838325047527,
    "qps_change_pct": -28.23,
    "previous_recall": 0.998,
    "recall_change_pct": 0.0
  }
}