{
  "qps": 44.873954986049945,
  "total_queries": 100,
  "duration_secs": 2.228464151,
  "avg_latency_ms": 88.25718383999998,
  "p50_latency_ms": 85.062477,
  "p95_latency_ms": 143.00080685000003,
  "p99_latency_ms": 159.06359741000009,
  "recall": 0.998,
  "recall_threshold": 0.95,
  "recall_passed": true,
  "concurrency": 4,
  "comparison": {
    "previous_qps": 52.94228921785152,
    "qps_change_pct": -15.24,
    "previous_recall": 0.998,
    "recall_change_pct": 0.0
  }
}