{
  "qps": 50.86838325047527,
  "total_queries": 100,
  "duration_secs": 1.965857643,
  "avg_latency_ms": 77.95802267000002,
  "p50_latency_ms": 74.549601,
  "p95_latency_ms": 126.02743699999992,
  "p99_latency_ms": 157.31223257000022,
  "recall": 0.998,
  "recall_threshold": 0.95,
  "recall_passed": true,
  "concurrency": 4,
  "comparison": {
    "previous_qps": 46.25843905366904,
    "qps_change_pct": 9.97,
    "previous_recall": 0.998,
    "recall_change_pct": 0.0
  }
}