{
  "qps": 51.52738640731115,
  "total_queries": 100,
  "duration_secs": 1.940715549,
  "avg_latency_ms": 76.98622106,
  "p50_latency_ms": 74.9802,
  "p95_latency_ms": 112.72511795,
  "p99_latency_ms": 149.24758608000027,
  "recall": 0.999,
  "recall_threshold": 0.95,
  "recall_passed": true,
  "concurrency": 4,
  "comparison": {
    "previous_qps": 53.46937833859891,
    "qps_change_pct": -3.63,
    "previous_recall": 0.999,
    "recall_change_pct": 0.0
  }
}