{
  "qps": 57.21725972096982,
  "total_queries": 100,
  "duration_secs": 1.747724384,
  "avg_latency_ms": 69.33048785999999,
  "p50_latency_ms": 69.069868,
  "p95_latency_ms": 104.1687853,
  "p99_latency_ms": 121.31590219000007,
  "recall": 0.999,
  "recall_threshold": 0.95,
  "recall_passed": true,
  "concurrency": 4,
  "comparison": {
    "previous_qps": 55.194374485145495,
    "qps_change_pct": 3.67,
    "previous_recall": 0.999,
    "recall_change_pct": 0.0
  }
}