{
  "qps": 46.25843905366904,
  "total_queries": 100,
  "duration_secs": 2.161767713,
  "avg_latency_ms": 85.48019036000001,
  "p50_latency_ms": 83.97579,
  "p95_latency_ms": 123.24595494999998,
  "p99_latency_ms": 136.0924165000001,
  "recall": 0.998,
  "recall_threshold": 0.95,
  "recall_passed": true,
  "concurrency": 4,
  "comparison": {
    "previous_qps": 44.873954986049945,
    "qps_change_pct": 3.09,
    "previous_recall": 0.998,
    "recall_change_pct": 0.0
  }
}