{
  "qps": 54.17969923399312,
  "total_queries": 10000,
  "duration_secs": 184.570976609,
  "avg_latency_ms": 73.7310366753,
  "p50_latency_ms": 73.30131449999999,
  "p95_latency_ms": 112.40400904999996,
  "p99_latency_ms": 142.8549016,
  "recall": 0.9993999999999988,
  "recall_threshold": 0.95,
  "recall_passed": true,
  "concurrency": 4,
  "comparison": {
    "previous_qps": 57.21725972096982,
    "qps_change_pct": -5.31,
    "previous_recall": 0.999,
    "recall_change_pct": 0.04
  }
}