{
  "qps": 69.32320898368339,
  "total_queries": 100,
  "duration_secs": 1.442518335,
  "avg_latency_ms": 57.19942143000001,
  "p50_latency_ms": 56.5054345,
  "p95_latency_ms": 86.09404269999999,
  "p99_latency_ms": 134.41508477000016,
  "recall": 0.999,
  "recall_threshold": 0.95,
  "recall_passed": true,
  "concurrency": 4,
  "comparison": {
    "previous_qps": 51.52738640731115,
    "qps_change_pct": 34.54,
    "previous_recall": 0.999,
    "recall_change_pct": 0.0
  }
}