{
  "qps": 58.598323782290976,
  "total_queries": 100,
  "duration_secs": 1.7065334559999998,
  "avg_latency_ms": 67.66922316999998,
  "p50_latency_ms": 66.36419649999999,
  "p95_latency_ms": 115.1479621,
  "p99_latency_ms": 141.97749090000028,
  "recall": 0.999,
  "recall_threshold": 0.95,
  "recall_passed": true,
  "concurrency": 4,
  "comparison": {
    "previous_qps": 69.32320898368339,
    "qps_change_pct": -15.47,
    "previous_recall": 0.999,
    "recall_change_pct": 0.0
  }
}