{
  "qps": 32.89910984806106,
  "total_queries": 100,
  "duration_secs": 3.039595918,
  "avg_latency_ms": 121.22836448999996,
  "p50_latency_ms": 119.16326,
  "p95_latency_ms": 164.38216805000002,
  "p99_latency_ms": 176.33172091000023,
  "recall": 0.998,
  "recall_threshold": 0.95,
  "recall_passed": true,
  "concurrency": 4,
  "comparison": {
    "previous_qps": 36.50623854599425,
    "qps_change_pct": -9.88,
    "previous_recall": 0.998,
    "recall_change_pct": 0.0
  }
}