{
  "qps": 52.94228921785152,
  "total_queries": 100,
  "duration_secs": 1.888849188,
  "avg_latency_ms": 74.80121413999997,
  "p50_latency_ms": 71.9629535,
  "p95_latency_ms": 99.64909575,
  "p99_latency_ms": 138.89629416000042,
  "recall": 0.998,
  "recall_threshold": 0.95,
  "recall_passed": true,
  "concurrency": 4,
  "comparison": {
    "previous_qps": 47.170298376335595,
    "qps_change_pct": 12.24,
    "previous_recall": 1.0,
    "recall_change_pct": -0.2
  }
}