{
  "qps": 45.59249497745667,
  "total_queries": 100,
  "duration_secs": 2.193343445,
  "avg_latency_ms": 86.65242642999999,
  "p50_latency_ms": 80.77493899999999,
  "p95_latency_ms": 171.33156179999995,
  "p99_latency_ms": 214.54929597000003,
  "recall": 0.999,
  "recall_threshold": 0.95,
  "recall_passed": true,
  "concurrency": 4,
  "comparison": {
    "previous_qps": 32.89910984806106,
    "qps_change_pct": 38.58,
    "previous_recall": 0.998,
    "recall_change_pct": 0.1
  }
}