{
  "qps": 310.1086447681655,
  "total_queries": 1000,
  "duration_secs": 3.224676309,
  "avg_latency_ms": 12.788105672999984,
  "p50_latency_ms": 12.460385,
  "p95_latency_ms": 16.32661045,
  "p99_latency_ms": 22.10135652,
  "recall": 0.9940999999999992,
  "recall_threshold": 0.95,
  "recall_passed": true,
  "concurrency": 4,
  "comparison": {
    "previous_qps": 62.1609784949937,
    "qps_change_pct": 398.88,
    "previous_recall": 0.9990999999999998,
    "recall_change_pct": -0.5
  }
}