{
  "qps": 674.0955901467319,
  "total_queries": 1000,
  "duration_secs": 1.483469132,
  "avg_latency_ms": 5.822053901000005,
  "p50_latency_ms": 5.526787000000001,
  "p95_latency_ms": 8.3512973,
  "p99_latency_ms": 10.74176427,
  "recall": 0.9474999999999972,
  "recall_threshold": 0.95,
  "recall_passed": false,
  "concurrency": 4,
  "comparison": {
    "previous_qps": 577.4250807385486,
    "qps_change_pct": 16.74,
    "previous_recall": 0.9647999999999972,
    "recall_change_pct": -1.79
  }
}