{
  "qps": 676.1171365837197,
  "total_queries": 10000,
  "duration_secs": 14.790336554,
  "avg_latency_ms": 5.820345855299993,
  "p50_latency_ms": 5.639414,
  "p95_latency_ms": 8.0994234,
  "p99_latency_ms": 10.16939123,
  "recall": 0.9578999999999755,
  "recall_threshold": 0.95,
  "recall_passed": true,
  "concurrency": 4,
  "comparison": {
    "previous_qps": 824.4166523606332,
    "qps_change_pct": -17.99,
    "previous_recall": 0.956999999999997,
    "recall_change_pct": 0.09
  }
}