{
  "qps": 824.4166523606332,
  "total_queries": 1000,
  "duration_secs": 1.212978895,
  "avg_latency_ms": 4.7488419319999915,
  "p50_latency_ms": 4.5756935,
  "p95_latency_ms": 6.74486895,
  "p99_latency_ms": 8.507614629999999,
  "recall": 0.956999999999997,
  "recall_threshold": 0.95,
  "recall_passed": true,
  "concurrency": 4,
  "comparison": {
    "previous_qps": 674.0955901467319,
    "qps_change_pct": 22.3,
    "previous_recall": 0.9474999999999972,
    "recall_change_pct": 1.0
  }
}