{
  "qps": 7.686214524083987,
  "total_queries": 1000,
  "duration_secs": 130.103056175,
  "avg_latency_ms": 519.9200963280001,
  "p50_latency_ms": 515.835096,
  "p95_latency_ms": 778.23218595,
  "p99_latency_ms": 929.22923229,
  "recall": 0.9993999999999998,
  "recall_threshold": 0.95,
  "recall_passed": true,
  "concurrency": 4,
  "comparison": {
    "previous_qps": 6.948900005875224,
    "qps_change_pct": 10.61,
    "previous_recall": 0.9993999999999998,
    "recall_change_pct": 0.0
  }
}