{
  "qps": 7.586548768361736,
  "total_queries": 1000,
  "duration_secs": 131.81224171,
  "avg_latency_ms": 526.7358619659997,
  "p50_latency_ms": 521.8124875000001,
  "p95_latency_ms": 704.5664782999994,
  "p99_latency_ms": 917.05532084,
  "recall": 0.9989999999999998,
  "recall_threshold": 0.95,
  "recall_passed": true,
  "concurrency": 4,
  "comparison": {
    "previous_qps": 7.904418300401503,
    "qps_change_pct": -4.02,
    "previous_recall": 0.9993,
    "recall_change_pct": -0.03
  }
}