{
  "qps": 7.854231309007732,
  "total_queries": 1000,
  "duration_secs": 127.319907023,
  "avg_latency_ms": 509.15807422500023,
  "p50_latency_ms": 503.928305,
  "p95_latency_ms": 760.24718435,
  "p99_latency_ms": 894.81109908,
  "recall": 0.9992,
  "recall_threshold": 0.95,
  "recall_passed": true,
  "concurrency": 4,
  "comparison": {
    "previous_qps": 7.783981671945917,
    "qps_change_pct": 0.9,
    "previous_recall": 0.999,
    "recall_change_pct": 0.02
  }
}