{
  "qps": 6.181321962713351,
  "total_queries": 1000,
  "duration_secs": 161.777691897,
  "avg_latency_ms": 646.9650582090005,
  "p50_latency_ms": 661.1394325,
  "p95_latency_ms": 930.89791365,
  "p99_latency_ms": 1208.78582306,
  "recall": 0.9993,
  "recall_threshold": 0.95,
  "recall_passed": true,
  "concurrency": 4,
  "comparison": {
    "previous_qps": 6.424060469360817,
    "qps_change_pct": -3.78,
    "previous_recall": 0.999,
    "recall_change_pct": 0.03
  }
}