{
  "qps": 6.424060469360817,
  "total_queries": 1000,
  "duration_secs": 155.664786278,
  "avg_latency_ms": 622.1285498449996,
  "p50_latency_ms": 622.135184,
  "p95_latency_ms": 904.68762565,
  "p99_latency_ms": 1141.4571896699997,
  "recall": 0.999,
  "recall_threshold": 0.95,
  "recall_passed": true,
  "concurrency": 4,
  "comparison": {
    "previous_qps": 6.50081210792633,
    "qps_change_pct": -1.18,
    "previous_recall": 0.0,
    "recall_change_pct": 0.0
  }
}