{
  "qps": 6.50081210792633,
  "total_queries": 1000,
  "duration_secs": 153.826934758,
  "avg_latency_ms": 615.0115103320002,
  "p50_latency_ms": 572.91113,
  "p95_latency_ms": 993.0890206499998,
  "p99_latency_ms": 1176.86976625,
  "recall": 0.0,
  "recall_threshold": 0.95,
  "recall_passed": false,
  "concurrency": 4,
  "comparison": {
    "previous_qps": 6.071175895161159,
    "qps_change_pct": 7.08,
    "previous_recall": 0.9991,
    "recall_change_pct": -100.0
  }
}