{
  "qps": 454.46514937608185,
  "total_queries": 10000,
  "duration_secs": 22.003887457,
  "avg_latency_ms": 8.67814851769994,
  "p50_latency_ms": 8.627669000000001,
  "p95_latency_ms": 9.7853952,
  "p99_latency_ms": 10.29471786,
  "recall": 0.9923399999999898,
  "recall_threshold": 0.95,
  "recall_passed": true,
  "concurrency": 4,
  "comparison": {
    "previous_qps": 576.9306879591347,
    "qps_change_pct": -21.23,
    "previous_recall": 0.9878299999999858,
    "recall_change_pct": 0.46
  }
}