{
  "qps": 312.1835207364609,
  "total_queries": 1000,
  "duration_secs": 3.203244033,
  "avg_latency_ms": 12.701780469000008,
  "p50_latency_ms": 12.5051405,
  "p95_latency_ms": 14.8057113,
  "p99_latency_ms": 16.89970141,
  "recall": 0.9896999999999988,
  "recall_threshold": 0.95,
  "recall_passed": true,
  "concurrency": 4,
  "comparison": {
    "previous_qps": 85.27427538459075,
    "qps_change_pct": 266.09,
    "previous_recall": 0.981699999999998,
    "recall_change_pct": 0.81
  }
}