{
  "qps": 415.6030112823729,
  "total_queries": 1000,
  "duration_secs": 2.406142335,
  "avg_latency_ms": 9.492927744000006,
  "p50_latency_ms": 9.49145,
  "p95_latency_ms": 10.614533150000002,
  "p99_latency_ms": 11.053742639999998,
  "recall": 0.9896999999999988,
  "recall_threshold": 0.95,
  "recall_passed": true,
  "concurrency": 4,
  "comparison": {
    "previous_qps": 312.1835207364609,
    "qps_change_pct": 33.13,
    "previous_recall": 0.9896999999999988,
    "recall_change_pct": 0.0
  }
}