{
  "qps": 437.9381708528773,
  "total_queries": 1000,
  "duration_secs": 2.283427357,
  "avg_latency_ms": 9.028778180999996,
  "p50_latency_ms": 8.884682999999999,
  "p95_latency_ms": 10.899613,
  "p99_latency_ms": 11.75495054,
  "recall": 0.9889999999999988,
  "recall_threshold": 0.95,
  "recall_passed": true,
  "concurrency": 4,
  "comparison": {
    "previous_qps": 426.6261732670922,
    "qps_change_pct": 2.65,
    "previous_recall": 0.9896999999999988,
    "recall_change_pct": -0.07
  }
}