{
  "qps": 426.6261732670922,
  "total_queries": 1000,
  "duration_secs": 2.343972458,
  "avg_latency_ms": 9.263683158999996,
  "p50_latency_ms": 9.2413125,
  "p95_latency_ms": 10.44202845,
  "p99_latency_ms": 10.86890722,
  "recall": 0.9896999999999988,
  "recall_threshold": 0.95,
  "recall_passed": true,
  "concurrency": 4,
  "comparison": {
    "previous_qps": 421.37760137388995,
    "qps_change_pct": 1.25,
    "previous_recall": 0.9909499999999876,
    "recall_change_pct": -0.13
  }
}