{
  "qps": 46.863965046130005,
  "total_queries": 1000,
  "duration_secs": 21.338356646,
  "avg_latency_ms": 85.15687559099996,
  "p50_latency_ms": 82.23854599999999,
  "p95_latency_ms": 129.3620811,
  "p99_latency_ms": 176.63442438999996,
  "recall": 0.9994,
  "recall_threshold": 0.95,
  "recall_passed": true,
  "concurrency": 4,
  "comparison": {
    "previous_qps": 5.752761423706027,
    "qps_change_pct": 714.63,
    "previous_recall": 0.9992,
    "recall_change_pct": 0.02
  }
}