{
  "qps": 576.9306879591347,
  "total_queries": 10000,
  "duration_secs": 17.333104667,
  "avg_latency_ms": 6.807917846400007,
  "p50_latency_ms": 6.7787995,
  "p95_latency_ms": 7.705749349999999,
  "p99_latency_ms": 8.09533711,
  "recall": 0.9878299999999858,
  "recall_threshold": 0.95,
  "recall_passed": true,
  "concurrency": 4,
  "comparison": {
    "previous_qps": 389.2841116377842,
    "qps_change_pct": 48.2,
    "previous_recall": 0.991269999999988,
    "recall_change_pct": -0.35
  }
}