{
  "qps": 85.27427538459075,
  "total_queries": 1000,
  "duration_secs": 11.726865992,
  "avg_latency_ms": 46.750400857000024,
  "p50_latency_ms": 46.7470145,
  "p95_latency_ms": 51.67863759999999,
  "p99_latency_ms": 53.80470455,
  "recall": 0.981699999999998,
  "recall_threshold": 0.95,
  "recall_passed": true,
  "concurrency": 4,
  "comparison": {
    "previous_qps": 46.19106917435355,
    "qps_change_pct": 84.61,
    "previous_recall": 0.9994,
    "recall_change_pct": -1.77
  }
}