{
  "qps": 46.19106917435355,
  "total_queries": 1000,
  "duration_secs": 21.649206608,
  "avg_latency_ms": 86.38254695000003,
  "p50_latency_ms": 85.420253,
  "p95_latency_ms": 134.1263072,
  "p99_latency_ms": 159.0142008,
  "recall": 0.9994,
  "recall_threshold": 0.95,
  "recall_passed": true,
  "concurrency": 4,
  "comparison": {
    "previous_qps": 46.863965046130005,
    "qps_change_pct": -1.44,
    "previous_recall": 0.9994,
    "recall_change_pct": 0.0
  }
}