{
  "qps": 43.90450718774998,
  "total_queries": 1000,
  "duration_secs": 22.776704809,
  "avg_latency_ms": 91.000785982,
  "p50_latency_ms": 88.45123699999999,
  "p95_latency_ms": 153.91960029999996,
  "p99_latency_ms": 170.13436377999997,
  "recall": 0.9997,
  "recall_threshold": 0.95,
  "recall_passed": true,
  "concurrency": 4,
  "comparison": {
    "previous_qps": 22.391983491204208,
    "qps_change_pct": 96.07,
    "previous_recall": 0.9997,
    "recall_change_pct": 0.0
  }
}