{
  "qps": 2790.678909634018,
  "total_queries": 10000,
  "duration_secs": 3.583357428,
  "avg_latency_ms": 1.4023853640999946,
  "p50_latency_ms": 1.3298015,
  "p95_latency_ms": 2.0716652999999994,
  "p99_latency_ms": 2.4917335500000015,
  "recall": 0.9587599999999724,
  "recall_threshold": 0.95,
  "recall_passed": true,
  "concurrency": 4,
  "comparison": {
    "previous_qps": 3534.1399491782904,
    "qps_change_pct": -21.04,
    "previous_recall": 0.9403999999999966,
    "recall_change_pct": 1.95
  }
}