{
  "qps": 2671.533845127977,
  "total_queries": 1000,
  "duration_secs": 0.3743168,
  "avg_latency_ms": 1.4663046149999996,
  "p50_latency_ms": 1.3963985,
  "p95_latency_ms": 2.1380649000000003,
  "p99_latency_ms": 2.7853861799999997,
  "recall": 0.9615999999999968,
  "recall_threshold": 0.95,
  "recall_passed": true,
  "concurrency": 4,
  "comparison": {
    "previous_qps": 2911.03241316113,
    "qps_change_pct": -8.23,
    "previous_recall": 0.9518999999999964,
    "recall_change_pct": 1.02
  }
}