{
  "qps": 3534.1399491782904,
  "total_queries": 1000,
  "duration_secs": 0.282954273,
  "avg_latency_ms": 1.1052970869999992,
  "p50_latency_ms": 1.043256,
  "p95_latency_ms": 1.5971907,
  "p99_latency_ms": 1.97899736,
  "recall": 0.9403999999999966,
  "recall_threshold": 0.95,
  "recall_passed": false,
  "concurrency": 4,
  "comparison": {
    "previous_qps": 2937.1231024892422,
    "qps_change_pct": 20.33,
    "previous_recall": 0.9518999999999964,
    "recall_change_pct": -1.21
  }
}