{
  "qps": 1081.5840656120736,
  "total_queries": 1000,
  "duration_secs": 0.924569834,
  "avg_latency_ms": 3.6097209669999986,
  "p50_latency_ms": 3.461501,
  "p95_latency_ms": 5.31347185,
  "p99_latency_ms": 6.34440821,
  "recall": 0.9814999999999984,
  "recall_threshold": 0.95,
  "recall_passed": true,
  "concurrency": 4,
  "comparison": {
    "previous_qps": 1658.133455915823,
    "qps_change_pct": -34.77,
    "previous_recall": 0.974399999999998,
    "recall_change_pct": 0.73
  }
}