{
  "qps": 2911.03241316113,
  "total_queries": 1000,
  "duration_secs": 0.343520737,
  "avg_latency_ms": 1.3413035719999986,
  "p50_latency_ms": 1.2589595,
  "p95_latency_ms": 2.01378845,
  "p99_latency_ms": 2.6147563399999996,
  "recall": 0.9518999999999964,
  "recall_threshold": 0.95,
  "recall_passed": true,
  "concurrency": 4,
  "comparison": {
    "previous_qps": 2236.5343672569293,
    "qps_change_pct": 30.16,
    "previous_recall": 0.9627999999999972,
    "recall_change_pct": -1.13
  }
}