{
  "qps": 812.9774643069642,
  "total_queries": 1000,
  "duration_secs": 1.230046396,
  "avg_latency_ms": 4.816174432000003,
  "p50_latency_ms": 4.680064,
  "p95_latency_ms": 6.706666799999998,
  "p99_latency_ms": 8.600801169999999,
  "recall": 0.981599999999998,
  "recall_threshold": 0.95,
  "recall_passed": true,
  "concurrency": 4
}