{
  "qps": 2236.5343672569293,
  "total_queries": 1000,
  "duration_secs": 0.447120337,
  "avg_latency_ms": 1.75111319,
  "p50_latency_ms": 1.663593,
  "p95_latency_ms": 2.54682705,
  "p99_latency_ms": 3.1139965999999997,
  "recall": 0.9627999999999972,
  "recall_threshold": 0.95,
  "recall_passed": true,
  "concurrency": 4,
  "comparison": {
    "previous_qps": 1081.5840656120736,
    "qps_change_pct": 106.78,
    "previous_recall": 0.9814999999999984,
    "recall_change_pct": -1.91
  }
}