{
  "qps": 2839.9602537338637,
  "total_queries": 1000,
  "duration_secs": 0.352117604,
  "avg_latency_ms": 1.3736655600000012,
  "p50_latency_ms": 1.2836825,
  "p95_latency_ms": 2.07851095,
  "p99_latency_ms": 2.6269222699999997,
  "recall": 0.9539999999999964,
  "recall_threshold": 0.95,
  "recall_passed": true,
  "concurrency": 4,
  "comparison": {
    "previous_qps": 2244.089865628903,
    "qps_change_pct": 26.55,
    "previous_recall": 0.9626999999999972,
    "recall_change_pct": -0.9
  }
}