{
  "qps": 14.41736018150013,
  "total_queries": 1000,
  "duration_secs": 69.360825242,
  "avg_latency_ms": 277.12529217499997,
  "p50_latency_ms": 273.7674475,
  "p95_latency_ms": 381.98817,
  "p99_latency_ms": 498.52759165,
  "recall": 0.9994,
  "recall_threshold": 0.95,
  "recall_passed": true,
  "concurrency": 4,
  "comparison": {
    "previous_qps": 13.15821577670406,
    "qps_change_pct": 9.57,
    "previous_recall": 0.9994,
    "recall_change_pct": 0.0
  }
}