{
  "qps": 13.15821577670406,
  "total_queries": 1000,
  "duration_secs": 75.99814571900001,
  "avg_latency_ms": 303.57804072700014,
  "p50_latency_ms": 301.07841700000006,
  "p95_latency_ms": 339.98740779999997,
  "p99_latency_ms": 535.5892391100001,
  "recall": 0.9994,
  "recall_threshold": 0.95,
  "recall_passed": true,
  "concurrency": 4,
  "comparison": {
    "previous_qps": 14.177840908573506,
    "qps_change_pct": -7.19,
    "previous_recall": 0.9994,
    "recall_change_pct": 0.0
  }
}