{
  "qps": 14.171056612035205,
  "total_queries": 1000,
  "duration_secs": 70.566368294,
  "avg_latency_ms": 282.01277769299986,
  "p50_latency_ms": 279.16533,
  "p95_latency_ms": 380.20060775,
  "p99_latency_ms": 518.2258545799999,
  "recall": 0.9994,
  "recall_threshold": 0.95,
  "recall_passed": true,
  "concurrency": 4,
  "comparison": {
    "previous_qps": 11.950883397039105,
    "qps_change_pct": 18.58,
    "previous_recall": 0.9994,
    "recall_change_pct": 0.0
  }
}