{
  "qps": 14.177840908573506,
  "total_queries": 1000,
  "duration_secs": 70.532601293,
  "avg_latency_ms": 282.00914549600003,
  "p50_latency_ms": 278.29252199999996,
  "p95_latency_ms": 405.1762118,
  "p99_latency_ms": 523.1249505999999,
  "recall": 0.9994,
  "recall_threshold": 0.95,
  "recall_passed": true,
  "concurrency": 4,
  "comparison": {
    "previous_qps": 14.171056612035205,
    "qps_change_pct": 0.05,
    "previous_recall": 0.9994,
    "recall_change_pct": 0.0
  }
}