{
  "qps": 53.44035571443266,
  "total_queries": 1000,
  "duration_secs": 18.712450294,
  "avg_latency_ms": 74.80125756199999,
  "p50_latency_ms": 85.1743575,
  "p95_latency_ms": 120.89894905,
  "p99_latency_ms": 139.91309132,
  "recall": 0.9992,
  "recall_threshold": 0.95,
  "recall_passed": true,
  "concurrency": 4,
  "comparison": {
    "previous_qps": 73.81127787109986,
    "qps_change_pct": -27.6,
    "previous_recall": 0.9993,
    "recall_change_pct": -0.01
  }
}