{
  "qps": 58.90532877127058,
  "total_queries": 1000,
  "duration_secs": 16.976392813,
  "avg_latency_ms": 67.77238240800008,
  "p50_latency_ms": 74.19554299999999,
  "p95_latency_ms": 101.0376714,
  "p99_latency_ms": 127.09272301999998,
  "recall": 0.9995,
  "recall_threshold": 0.95,
  "recall_passed": true,
  "concurrency": 4,
  "comparison": {
    "previous_qps": 53.44035571443266,
    "qps_change_pct": 10.23,
    "previous_recall": 0.9992,
    "recall_change_pct": 0.03
  }
}