{
  "qps": 60.377495675527086,
  "total_queries": 1000,
  "duration_secs": 16.562462368,
  "avg_latency_ms": 66.09110136100006,
  "p50_latency_ms": 76.5794365,
  "p95_latency_ms": 98.2053127,
  "p99_latency_ms": 111.76037090999996,
  "recall": 0.9994999999999998,
  "recall_threshold": 0.95,
  "recall_passed": true,
  "concurrency": 4,
  "comparison": {
    "previous_qps": 58.90532877127058,
    "qps_change_pct": 2.5,
    "previous_recall": 0.9995,
    "recall_change_pct": -0.0
  }
}