{
  "qps": 73.81127787109986,
  "total_queries": 1000,
  "duration_secs": 13.548065131,
  "avg_latency_ms": 54.101698623,
  "p50_latency_ms": 62.21254450000001,
  "p95_latency_ms": 81.23516605,
  "p99_latency_ms": 91.24091396,
  "recall": 0.9993,
  "recall_threshold": 0.95,
  "recall_passed": true,
  "concurrency": 4,
  "comparison": {
    "previous_qps": 47.6046229807753,
    "qps_change_pct": 55.05,
    "previous_recall": 0.9992,
    "recall_change_pct": 0.01
  }
}