{
  "qps": 54.77105216048203,
  "total_queries": 1000,
  "duration_secs": 18.257819789,
  "avg_latency_ms": 72.875271065,
  "p50_latency_ms": 85.8365325,
  "p95_latency_ms": 105.79464715,
  "p99_latency_ms": 131.13097071999994,
  "recall": 0.9993999999999998,
  "recall_threshold": 0.95,
  "recall_passed": true,
  "concurrency": 4
}