{
  "qps": 43.73903310665571,
  "total_queries": 1000,
  "duration_secs": 22.862873936,
  "avg_latency_ms": 91.372798958,
  "p50_latency_ms": 114.4332265,
  "p95_latency_ms": 118.92149545,
  "p99_latency_ms": 120.80230411,
  "recall": 0.9993,
  "recall_threshold": 0.95,
  "recall_passed": true,
  "concurrency": 4,
  "comparison": {
    "previous_qps": 54.77105216048203,
    "qps_change_pct": -20.14,
    "previous_recall": 0.9993999999999998,
    "recall_change_pct": -0.01
  }
}