{
  "qps": 47.6046229807753,
  "total_queries": 1000,
  "duration_secs": 21.006363193,
  "avg_latency_ms": 83.83356240900001,
  "p50_latency_ms": 85.196154,
  "p95_latency_ms": 137.56041914999994,
  "p99_latency_ms": 186.58103533,
  "recall": 0.9992,
  "recall_threshold": 0.95,
  "recall_passed": true,
  "concurrency": 4,
  "comparison": {
    "previous_qps": 43.73903310665571,
    "qps_change_pct": 8.84,
    "previous_recall": 0.9993,
    "recall_change_pct": -0.01
  }
}