{
  "qps": 59.39560329740253,
  "total_queries": 1000,
  "duration_secs": 16.836263031,
  "avg_latency_ms": 67.16798076699999,
  "p50_latency_ms": 75.484992,
  "p95_latency_ms": 105.82386,
  "p99_latency_ms": 132.73822661,
  "recall": 0.9993999999999998,
  "recall_threshold": 0.95,
  "recall_passed": true,
  "concurrency": 4,
  "comparison": {
    "previous_qps": 58.693095317925334,
    "qps_change_pct": 1.2,
    "previous_recall": 0.9993,
    "recall_change_pct": 0.01
  }
}