{
  "qps": 53.37865608548926,
  "total_queries": 1000,
  "duration_secs": 18.734079749,
  "avg_latency_ms": 74.75061731599995,
  "p50_latency_ms": 72.30131600000001,
  "p95_latency_ms": 98.0805151,
  "p99_latency_ms": 138.85336184,
  "recall": 0.9994,
  "recall_threshold": 0.95,
  "recall_passed": true,
  "concurrency": 4,
  "comparison": {
    "previous_qps": 28.456421888704693,
    "qps_change_pct": 87.58,
    "previous_recall": 0.9993999999999998,
    "recall_change_pct": 0.0
  }
}