{
  "qps": 64.37131208163537,
  "total_queries": 1000,
  "duration_secs": 15.534870545,
  "avg_latency_ms": 62.044260013,
  "p50_latency_ms": 72.1315395,
  "p95_latency_ms": 91.03185175,
  "p99_latency_ms": 104.39558592,
  "recall": 0.9992,
  "recall_threshold": 0.95,
  "recall_passed": true,
  "concurrency": 4,
  "comparison": {
    "previous_qps": 65.31359739985952,
    "qps_change_pct": -1.44,
    "previous_recall": 0.9993,
    "recall_change_pct": -0.01
  }
}