{
  "qps": 58.693095317925334,
  "total_queries": 1000,
  "duration_secs": 17.037779224,
  "avg_latency_ms": 68.01202948599993,
  "p50_latency_ms": 78.196294,
  "p95_latency_ms": 105.87944029999996,
  "p99_latency_ms": 132.65028646,
  "recall": 0.9993,
  "recall_threshold": 0.95,
  "recall_passed": true,
  "concurrency": 4,
  "comparison": {
    "previous_qps": 61.878994803290325,
    "qps_change_pct": -5.15,
    "previous_recall": 0.9993999999999998,
    "recall_change_pct": -0.01
  }
}