{
  "qps": 65.31359739985952,
  "total_queries": 1000,
  "duration_secs": 15.310747529,
  "avg_latency_ms": 61.04579956300003,
  "p50_latency_ms": 70.871289,
  "p95_latency_ms": 91.4734383,
  "p99_latency_ms": 113.58604299,
  "recall": 0.9993,
  "recall_threshold": 0.95,
  "recall_passed": true,
  "concurrency": 4,
  "comparison": {
    "previous_qps": 65.9921287909502,
    "qps_change_pct": -1.03,
    "previous_recall": 0.9993999999999998,
    "recall_change_pct": -0.01
  }
}