{
  "qps": 65.9921287909502,
  "total_queries": 1000,
  "duration_secs": 15.153322348,
  "avg_latency_ms": 60.474029794999886,
  "p50_latency_ms": 70.3441215,
  "p95_latency_ms": 91.80697204999998,
  "p99_latency_ms": 100.94704232,
  "recall": 0.9993999999999998,
  "recall_threshold": 0.95,
  "recall_passed": true,
  "concurrency": 4,
  "comparison": {
    "previous_qps": 67.42600394790392,
    "qps_change_pct": -2.13,
    "previous_recall": 0.9992,
    "recall_change_pct": 0.02
  }
}