{
  "qps": 28.456421888704693,
  "total_queries": 1000,
  "duration_secs": 35.141452566,
  "avg_latency_ms": 140.22539987400006,
  "p50_latency_ms": 135.9406465,
  "p95_latency_ms": 191.6314453,
  "p99_latency_ms": 218.19105187999995,
  "recall": 0.9993999999999998,
  "recall_threshold": 0.95,
  "recall_passed": true,
  "concurrency": 4,
  "comparison": {
    "previous_qps": 16.018851540667583,
    "qps_change_pct": 77.64,
    "previous_recall": 0.9993999999999998,
    "recall_change_pct": 0.0
  }
}