{
  "qps": 16.018851540667583,
  "total_queries": 1000,
  "duration_secs": 62.42644783,
  "avg_latency_ms": 249.28777152000023,
  "p50_latency_ms": 243.823689,
  "p95_latency_ms": 320.83497800000004,
  "p99_latency_ms": 367.73125137999995,
  "recall": 0.9993999999999998,
  "recall_threshold": 0.95,
  "recall_passed": true,
  "concurrency": 4
}