{
  "qps": 55.7824437352435,
  "total_queries": 10000,
  "duration_secs": 179.267872298,
  "avg_latency_ms": 71.61167330769993,
  "p50_latency_ms": 79.087424,
  "p95_latency_ms": 107.2391053,
  "p99_latency_ms": 125.39362811,
  "recall": 0.9993499999999989,
  "recall_threshold": 0.95,
  "recall_passed": true,
  "concurrency": 4,
  "comparison": {
    "previous_qps": 58.17191961074719,
    "qps_change_pct": -4.11,
    "previous_recall": 0.9992,
    "recall_change_pct": 0.02
  }
}