{
  "qps": 58.17191961074719,
  "total_queries": 1000,
  "duration_secs": 17.190424636,
  "avg_latency_ms": 68.58873540699996,
  "p50_latency_ms": 78.431716,
  "p95_latency_ms": 114.2281399,
  "p99_latency_ms": 135.36823618,
  "recall": 0.9992,
  "recall_threshold": 0.95,
  "recall_passed": true,
  "concurrency": 4,
  "comparison": {
    "previous_qps": 59.91830050447946,
    "qps_change_pct": -2.91,
    "previous_recall": 0.9993999999999998,
    "recall_change_pct": -0.02
  }
}