{
  "qps": 53.29106600324191,
  "total_queries": 1000,
  "duration_secs": 18.764871394,
  "avg_latency_ms": 74.93158914200004,
  "p50_latency_ms": 80.280202,
  "p95_latency_ms": 120.74469575,
  "p99_latency_ms": 143.18046725000002,
  "recall": 0.9993999999999998,
  "recall_threshold": 0.95,
  "recall_passed": true,
  "concurrency": 4,
  "comparison": {
    "previous_qps": 53.14400900584754,
    "qps_change_pct": 0.28,
    "previous_recall": 0.9994,
    "recall_change_pct": -0.0
  }
}