{
  "qps": 58.98308824153591,
  "total_queries": 1000,
  "duration_secs": 16.95401224,
  "avg_latency_ms": 67.63679352199996,
  "p50_latency_ms": 76.46010899999999,
  "p95_latency_ms": 101.1825314,
  "p99_latency_ms": 124.58225521,
  "recall": 0.9992,
  "recall_threshold": 0.95,
  "recall_passed": true,
  "concurrency": 4,
  "comparison": {
    "previous_qps": 62.66418626995242,
    "qps_change_pct": -5.87,
    "previous_recall": 0.9992,
    "recall_change_pct": 0.0
  }
}