{
  "qps": 62.66418626995242,
  "total_queries": 1000,
  "duration_secs": 15.958078442,
  "avg_latency_ms": 63.65829992900003,
  "p50_latency_ms": 70.9633805,
  "p95_latency_ms": 99.26599555,
  "p99_latency_ms": 120.88181102,
  "recall": 0.9992,
  "recall_threshold": 0.95,
  "recall_passed": true,
  "concurrency": 4,
  "comparison": {
    "previous_qps": 59.39560329740253,
    "qps_change_pct": 5.5,
    "previous_recall": 0.9993999999999998,
    "recall_change_pct": -0.02
  }
}