{
  "qps": 59.91830050447946,
  "total_queries": 1000,
  "duration_secs": 16.689391915,
  "avg_latency_ms": 66.63747271199998,
  "p50_latency_ms": 74.829567,
  "p95_latency_ms": 106.07936805,
  "p99_latency_ms": 123.76066433,
  "recall": 0.9993999999999998,
  "recall_threshold": 0.95,
  "recall_passed": true,
  "concurrency": 4,
  "comparison": {
    "previous_qps": 58.98308824153591,
    "qps_change_pct": 1.59,
    "previous_recall": 0.9992,
    "recall_change_pct": 0.02
  }
}