{
  "qps": 61.878994803290325,
  "total_queries": 1000,
  "duration_secs": 16.160572795,
  "avg_latency_ms": 64.508154226,
  "p50_latency_ms": 71.9032355,
  "p95_latency_ms": 102.4460142,
  "p99_latency_ms": 121.21241199,
  "recall": 0.9993999999999998,
  "recall_threshold": 0.95,
  "recall_passed": true,
  "concurrency": 4,
  "comparison": {
    "previous_qps": 53.29106600324191,
    "qps_change_pct": 16.12,
    "previous_recall": 0.9993999999999998,
    "recall_change_pct": 0.0
  }
}