{
  "qps": 7.722857935552729,
  "total_queries": 1000,
  "duration_secs": 129.485743276,
  "avg_latency_ms": 517.348393937,
  "p50_latency_ms": 503.2119885,
  "p95_latency_ms": 814.5083114499998,
  "p99_latency_ms": 975.11906801,
  "recall": 0.9989999999999998,
  "recall_threshold": 0.95,
  "recall_passed": true,
  "concurrency": 4,
  "comparison": {
    "previous_qps": 6.919290913690407,
    "qps_change_pct": 11.61,
    "previous_recall": 0.9992,
    "recall_change_pct": -0.02
  }
}