{
  "qps": 5.711162665596402,
  "total_queries": 1000,
  "duration_secs": 175.095695667,
  "avg_latency_ms": 699.2608434459995,
  "p50_latency_ms": 589.9405650000001,
  "p95_latency_ms": 1211.5612325,
  "p99_latency_ms": 1297.50433046,
  "recall": 0.9989999999999998,
  "recall_threshold": 0.95,
  "recall_passed": true,
  "concurrency": 4
}