{
  "qps": 31.265960586982647,
  "total_queries": 1000,
  "duration_secs": 31.983664702,
  "avg_latency_ms": 127.69554597300002,
  "p50_latency_ms": 124.4895075,
  "p95_latency_ms": 164.4516479999999,
  "p99_latency_ms": 242.03657696,
  "recall": 0.9994,
  "recall_threshold": 0.95,
  "recall_passed": true,
  "concurrency": 4,
  "comparison": {
    "previous_qps": 15.687736751565469,
    "qps_change_pct": 99.3,
    "previous_recall": 0.9994,
    "recall_change_pct": 0.0
  }
}