{
  "qps": 23.73146605158835,
  "total_queries": 1000,
  "duration_secs": 42.138146789,
  "avg_latency_ms": 168.33738459299985,
  "p50_latency_ms": 163.310815,
  "p95_latency_ms": 248.74056445,
  "p99_latency_ms": 333.18319756,
  "recall": 0.9994,
  "recall_threshold": 0.95,
  "recall_passed": true,
  "concurrency": 4,
  "comparison": {
    "previous_qps": 20.23701898572403,
    "qps_change_pct": 17.27,
    "previous_recall": 0.9994,
    "recall_change_pct": 0.0
  }
}