{
  "qps": 34.65678409716506,
  "total_queries": 1000,
  "duration_secs": 28.854379483,
  "avg_latency_ms": 115.21678097399996,
  "p50_latency_ms": 111.4381635,
  "p95_latency_ms": 182.99925199999987,
  "p99_latency_ms": 202.94602952,
  "recall": 0.9993999999999998,
  "recall_threshold": 0.95,
  "recall_passed": true,
  "concurrency": 4,
  "comparison": {
    "previous_qps": 31.534167617915564,
    "qps_change_pct": 9.9,
    "previous_recall": 0.9994,
    "recall_change_pct": -0.0
  }
}