{
  "qps": 31.534167617915564,
  "total_queries": 1000,
  "duration_secs": 31.711634571,
  "avg_latency_ms": 126.73978299999996,
  "p50_latency_ms": 124.088076,
  "p95_latency_ms": 191.49639395,
  "p99_latency_ms": 283.48911933999995,
  "recall": 0.9994,
  "recall_threshold": 0.95,
  "recall_passed": true,
  "concurrency": 4,
  "comparison": {
    "previous_qps": 31.65016148537607,
    "qps_change_pct": -0.37,
    "previous_recall": 0.9993699999999988,
    "recall_change_pct": 0.0
  }
}