{
  "qps": 7.237961799439587,
  "total_queries": 1000,
  "duration_secs": 138.160441808,
  "avg_latency_ms": 552.112356331,
  "p50_latency_ms": 511.02843799999994,
  "p95_latency_ms": 955.5510689,
  "p99_latency_ms": 1012.24319372,
  "recall": 0.9993,
  "recall_threshold": 0.95,
  "recall_passed": true,
  "concurrency": 4
}