{
  "qps": 14.91331466035753,
  "total_queries": 1000,
  "duration_secs": 67.054174258,
  "avg_latency_ms": 267.829815957,
  "p50_latency_ms": 266.0451015,
  "p95_latency_ms": 346.89424779999996,
  "p99_latency_ms": 457.1249479899999,
  "recall": 0.9990999999999998,
  "recall_threshold": 0.95,
  "recall_passed": true,
  "concurrency": 4,
  "comparison": {
    "previous_qps": 18.128870928210535,
    "qps_change_pct": -17.74,
    "previous_recall": 0.9990999999999998,
    "recall_change_pct": 0.0
  }
}