{
  "qps": 22.361778187949955,
  "total_queries": 1000,
  "duration_secs": 44.719162832,
  "avg_latency_ms": 178.66434609199987,
  "p50_latency_ms": 171.84771849999998,
  "p95_latency_ms": 273.50204195,
  "p99_latency_ms": 431.95837343,
  "recall": 0.9994,
  "recall_threshold": 0.95,
  "recall_passed": true,
  "concurrency": 4,
  "comparison": {
    "previous_qps": 22.14336379148262,
    "qps_change_pct": 0.99,
    "previous_recall": 0.9994,
    "recall_change_pct": 0.0
  }
}