{
  "qps": 15.543228788442155,
  "total_queries": 1000,
  "duration_secs": 64.336696938,
  "avg_latency_ms": 256.7480091130001,
  "p50_latency_ms": 245.939563,
  "p95_latency_ms": 284.07909794999983,
  "p99_latency_ms": 484.94475812,
  "recall": 0.9993999999999998,
  "recall_threshold": 0.95,
  "recall_passed": true,
  "concurrency": 4,
  "comparison": {
    "previous_qps": 20.631041163821155,
    "qps_change_pct": -24.66,
    "previous_recall": 0.0999999999999986,
    "recall_change_pct": 899.4
  }
}