{
  "qps": 25.6035755130204,
  "total_queries": 1000,
  "duration_secs": 39.057044962,
  "avg_latency_ms": 156.00461213199998,
  "p50_latency_ms": 154.064011,
  "p95_latency_ms": 257.19011394999995,
  "p99_latency_ms": 275.58573499,
  "recall": 0.9993999999999998,
  "recall_threshold": 0.95,
  "recall_passed": true,
  "concurrency": 4,
  "comparison": {
    "previous_qps": 24.36812697673113,
    "qps_change_pct": 5.07,
    "previous_recall": 0.9993999999999998,
    "recall_change_pct": 0.0
  }
}