{
  "qps": 24.074343845758943,
  "total_queries": 10000,
  "duration_secs": 415.379960678,
  "avg_latency_ms": 166.04174799820026,
  "p50_latency_ms": 163.7744085,
  "p95_latency_ms": 251.5025735499999,
  "p99_latency_ms": 289.5759825,
  "recall": 0.9993299999999986,
  "recall_threshold": 0.95,
  "recall_passed": true,
  "concurrency": 4,
  "comparison": {
    "previous_qps": 24.147520734321,
    "qps_change_pct": -0.3,
    "previous_recall": 0.9993299999999986,
    "recall_change_pct": 0.0
  }
}