{
  "qps": 24.147520734321,
  "total_queries": 10000,
  "duration_secs": 414.121189087,
  "avg_latency_ms": 165.54150095309964,
  "p50_latency_ms": 162.907295,
  "p95_latency_ms": 267.5247623499998,
  "p99_latency_ms": 287.75314408,
  "recall": 0.9993299999999986,
  "recall_threshold": 0.95,
  "recall_passed": true,
  "concurrency": 4,
  "comparison": {
    "previous_qps": 25.6035755130204,
    "qps_change_pct": -5.69,
    "previous_recall": 0.9993999999999998,
    "recall_change_pct": -0.01
  }
}