{
  "qps": 17.626915460274397,
  "total_queries": 1000,
  "duration_secs": 56.731423161,
  "avg_latency_ms": 226.5230725659996,
  "p50_latency_ms": 220.4434435,
  "p95_latency_ms": 393.1522006499998,
  "p99_latency_ms": 514.1716818599999,
  "recall": 0.9989,
  "recall_threshold": 0.95,
  "recall_passed": true,
  "concurrency": 4,
  "comparison": {
    "previous_qps": 15.164177951442408,
    "qps_change_pct": 16.24,
    "previous_recall": 0.9993999999999998,
    "recall_change_pct": -0.05
  }
}