{
  "qps": 18.72724204694623,
  "total_queries": 1000,
  "duration_secs": 53.398145733,
  "avg_latency_ms": 213.2886076600003,
  "p50_latency_ms": 214.2986215,
  "p95_latency_ms": 327.57818985000006,
  "p99_latency_ms": 373.9806145499999,
  "recall": 0.9988999999999998,
  "recall_threshold": 0.95,
  "recall_passed": true,
  "concurrency": 4,
  "comparison": {
    "previous_qps": 16.61300214215067,
    "qps_change_pct": 12.73,
    "previous_recall": 0.9989,
    "recall_change_pct": -0.0
  }
}