{
  "qps": 14.466101664711626,
  "total_queries": 1000,
  "duration_secs": 69.127123753,
  "avg_latency_ms": 276.2163018519999,
  "p50_latency_ms": 289.49199999999996,
  "p95_latency_ms": 445.12253615,
  "p99_latency_ms": 484.65467738,
  "recall": 0.9993999999999998,
  "recall_threshold": 0.95,
  "recall_passed": true,
  "concurrency": 4,
  "comparison": {
    "previous_qps": 24.63557667627947,
    "qps_change_pct": -41.28,
    "previous_recall": 0.9993999999999998,
    "recall_change_pct": 0.0
  }
}