{
  "qps": 21.886803429565916,
  "total_queries": 1000,
  "duration_secs": 45.689632258,
  "avg_latency_ms": 182.44822620499997,
  "p50_latency_ms": 180.319673,
  "p95_latency_ms": 297.18188434999985,
  "p99_latency_ms": 339.80824714,
  "recall": 0.9993999999999998,
  "recall_threshold": 0.95,
  "recall_passed": true,
  "concurrency": 4,
  "comparison": {
    "previous_qps": 23.333747912354863,
    "qps_change_pct": -6.2,
    "previous_recall": 0.9993999999999998,
    "recall_change_pct": 0.0
  }
}