{
  "qps": 24.136973662896004,
  "total_queries": 1000,
  "duration_secs": 41.430214656,
  "avg_latency_ms": 165.4382748990001,
  "p50_latency_ms": 165.835104,
  "p95_latency_ms": 271.96663909999995,
  "p99_latency_ms": 288.91185064999996,
  "recall": 0.9993999999999998,
  "recall_threshold": 0.95,
  "recall_passed": true,
  "concurrency": 4,
  "comparison": {
    "previous_qps": 24.3692748754588,
    "qps_change_pct": -0.95,
    "previous_recall": 0.9988999999999998,
    "recall_change_pct": 0.05
  }
}