{
  "qps": 24.36812697673113,
  "total_queries": 1000,
  "duration_secs": 41.037212296,
  "avg_latency_ms": 163.8808771810001,
  "p50_latency_ms": 163.362569,
  "p95_latency_ms": 246.7874877,
  "p99_latency_ms": 283.30639341999995,
  "recall": 0.9993999999999998,
  "recall_threshold": 0.95,
  "recall_passed": true,
  "concurrency": 4,
  "comparison": {
    "previous_qps": 21.886803429565916,
    "qps_change_pct": 11.34,
    "previous_recall": 0.9993999999999998,
    "recall_change_pct": 0.0
  }
}