{
  "qps": 3547.701065230593,
  "total_queries": 10000,
  "duration_secs": 2.81872678,
  "avg_latency_ms": 1.1051087088999982,
  "p50_latency_ms": 1.0430815,
  "p95_latency_ms": 1.584637,
  "p99_latency_ms": 1.84453545,
  "recall": 0.9590399999999724,
  "recall_threshold": 0.95,
  "recall_passed": true,
  "concurrency": 4,
  "comparison": {
    "previous_qps": 3514.8525754488237,
    "qps_change_pct": 0.93,
    "previous_recall": 0.9550999999999968,
    "recall_change_pct": 0.41
  }
}