{
  "qps": 2741.933764855396,
  "total_queries": 1000,
  "duration_secs": 0.364706111,
  "avg_latency_ms": 1.4279770510000018,
  "p50_latency_ms": 1.3544635,
  "p95_latency_ms": 2.0917661999999995,
  "p99_latency_ms": 2.58937242,
  "recall": 0.9610999999999972,
  "recall_threshold": 0.95,
  "recall_passed": true,
  "concurrency": 4,
  "comparison": {
    "previous_qps": 2671.9377229030647,
    "qps_change_pct": 2.62,
    "previous_recall": 0.9608999999999972,
    "recall_change_pct": 0.02
  }
}