{
  "qps": 3153.919569815463,
  "total_queries": 1000,
  "duration_secs": 0.31706579,
  "avg_latency_ms": 1.2481466469999996,
  "p50_latency_ms": 1.1663595,
  "p95_latency_ms": 1.8269942499999996,
  "p99_latency_ms": 2.17959354,
  "recall": 0.9628999999999966,
  "recall_threshold": 0.95,
  "recall_passed": true,
  "concurrency": 4,
  "comparison": {
    "previous_qps": 2674.360123236654,
    "qps_change_pct": 17.93,
    "previous_recall": 0.9671999999999972,
    "recall_change_pct": -0.44
  }
}