{
  "qps": 2959.9585042233307,
  "total_queries": 1000,
  "duration_secs": 0.337842574,
  "avg_latency_ms": 1.3326844129999982,
  "p50_latency_ms": 1.2621885,
  "p95_latency_ms": 1.9557202,
  "p99_latency_ms": 2.36959339,
  "recall": 0.956299999999997,
  "recall_threshold": 0.95,
  "recall_passed": true,
  "concurrency": 4,
  "comparison": {
    "previous_qps": 2741.933764855396,
    "qps_change_pct": 7.95,
    "previous_recall": 0.9610999999999972,
    "recall_change_pct": -0.5
  }
}