{
  "qps": 1538.4558864112971,
  "total_queries": 1000,
  "duration_secs": 0.650002388,
  "avg_latency_ms": 2.575187518999996,
  "p50_latency_ms": 2.4715680000000004,
  "p95_latency_ms": 3.72216855,
  "p99_latency_ms": 4.685574909999999,
  "recall": 0.9742999999999976,
  "recall_threshold": 0.95,
  "recall_passed": true,
  "concurrency": 4,
  "comparison": {
    "previous_qps": 771.9153894186044,
    "qps_change_pct": 99.3,
    "previous_recall": 0.9813999999999984,
    "recall_change_pct": -0.72
  }
}