{
  "qps": 2752.3329186668557,
  "total_queries": 1000,
  "duration_secs": 0.36332814,
  "avg_latency_ms": 1.4205024399999993,
  "p50_latency_ms": 1.3338770000000002,
  "p95_latency_ms": 2.1576487999999996,
  "p99_latency_ms": 2.6031400499999995,
  "recall": 0.9498999999999972,
  "recall_threshold": 0.95,
  "recall_passed": false,
  "concurrency": 4,
  "comparison": {
    "previous_qps": 2068.9427289073633,
    "qps_change_pct": 33.03,
    "previous_recall": 0.961399999999997,
    "recall_change_pct": -1.2
  }
}