{
  "qps": 2671.9377229030647,
  "total_queries": 1000,
  "duration_secs": 0.37426022,
  "avg_latency_ms": 1.4703101609999978,
  "p50_latency_ms": 1.393031,
  "p95_latency_ms": 2.1355826999999996,
  "p99_latency_ms": 2.89316196,
  "recall": 0.9608999999999972,
  "recall_threshold": 0.95,
  "recall_passed": true,
  "concurrency": 4,
  "comparison": {
    "previous_qps": 2752.3329186668557,
    "qps_change_pct": -2.92,
    "previous_recall": 0.9498999999999972,
    "recall_change_pct": 1.16
  }
}