{
  "qps": 3536.7355076082135,
  "total_queries": 1000,
  "duration_secs": 0.282746617,
  "avg_latency_ms": 1.111379575,
  "p50_latency_ms": 1.037151,
  "p95_latency_ms": 1.64495695,
  "p99_latency_ms": 2.03017821,
  "recall": 0.9478999999999967,
  "recall_threshold": 0.95,
  "recall_passed": false,
  "concurrency": 4,
  "comparison": {
    "previous_qps": 3153.919569815463,
    "qps_change_pct": 12.14,
    "previous_recall": 0.9628999999999966,
    "recall_change_pct": -1.56
  }
}