{
  "qps": 2844.375916475698,
  "total_queries": 1000,
  "duration_secs": 0.35157097,
  "avg_latency_ms": 1.3680061969999977,
  "p50_latency_ms": 1.27696,
  "p95_latency_ms": 2.0747534499999993,
  "p99_latency_ms": 2.64956657,
  "recall": 0.956299999999997,
  "recall_threshold": 0.95,
  "recall_passed": true,
  "concurrency": 4,
  "comparison": {
    "previous_qps": 2959.9585042233307,
    "qps_change_pct": -3.9,
    "previous_recall": 0.956299999999997,
    "recall_change_pct": 0.0
  }
}