{
  "qps": 1955.019054534564,
  "total_queries": 1000,
  "duration_secs": 0.511503966,
  "avg_latency_ms": 2.022118326,
  "p50_latency_ms": 1.911589,
  "p95_latency_ms": 3.0444408000000003,
  "p99_latency_ms": 3.79990567,
  "recall": 0.9594999999999968,
  "recall_threshold": 0.95,
  "recall_passed": true,
  "concurrency": 4,
  "comparison": {
    "previous_qps": 1538.4558864112971,
    "qps_change_pct": 27.08,
    "previous_recall": 0.9742999999999976,
    "recall_change_pct": -1.52
  }
}