{
  "qps": 3039.2949594302145,
  "total_queries": 1000,
  "duration_secs": 0.329023676,
  "avg_latency_ms": 1.290189556,
  "p50_latency_ms": 1.205784,
  "p95_latency_ms": 1.95849655,
  "p99_latency_ms": 2.47476259,
  "recall": 0.9588999999999966,
  "recall_threshold": 0.95,
  "recall_passed": true,
  "concurrency": 4,
  "comparison": {
    "previous_qps": 2914.8740786203275,
    "qps_change_pct": 4.27,
    "previous_recall": 0.9618199999999733,
    "recall_change_pct": -0.3
  }
}