{
  "qps": 3051.1722161234375,
  "total_queries": 1000,
  "duration_secs": 0.32774289,
  "avg_latency_ms": 1.2898257130000006,
  "p50_latency_ms": 1.208331,
  "p95_latency_ms": 1.948395199999999,
  "p99_latency_ms": 2.3302259899999997,
  "recall": 0.9588999999999966,
  "recall_threshold": 0.95,
  "recall_passed": true,
  "concurrency": 4,
  "comparison": {
    "previous_qps": 2844.375916475698,
    "qps_change_pct": 7.27,
    "previous_recall": 0.956299999999997,
    "recall_change_pct": 0.27
  }
}