{
  "qps": 2914.8740786203275,
  "total_queries": 10000,
  "duration_secs": 3.43067993,
  "avg_latency_ms": 1.3470794351000004,
  "p50_latency_ms": 1.280362,
  "p95_latency_ms": 1.9546386499999997,
  "p99_latency_ms": 2.3095716200000007,
  "recall": 0.9618199999999733,
  "recall_threshold": 0.95,
  "recall_passed": true,
  "concurrency": 4,
  "comparison": {
    "previous_qps": 2500.570905343399,
    "qps_change_pct": 16.57,
    "previous_recall": 0.9054999999999966,
    "recall_change_pct": 6.22
  }
}