{
  "qps": 2674.360123236654,
  "total_queries": 1000,
  "duration_secs": 0.37392122,
  "avg_latency_ms": 1.4746757929999978,
  "p50_latency_ms": 1.3858495,
  "p95_latency_ms": 2.1436263,
  "p99_latency_ms": 2.6714745499999997,
  "recall": 0.9671999999999972,
  "recall_threshold": 0.95,
  "recall_passed": true,
  "concurrency": 4,
  "comparison": {
    "previous_qps": 3039.2949594302145,
    "qps_change_pct": -12.01,
    "previous_recall": 0.9588999999999966,
    "recall_change_pct": 0.87
  }
}