{
  "qps": 23.382341582492263,
  "total_queries": 1000,
  "duration_secs": 42.767316373,
  "avg_latency_ms": 170.69041611600014,
  "p50_latency_ms": 167.805723,
  "p95_latency_ms": 245.88017064999997,
  "p99_latency_ms": 335.06102458000004,
  "recall": 0.9994,
  "recall_threshold": 0.95,
  "recall_passed": true,
  "concurrency": 4,
  "comparison": {
    "previous_qps": 21.27685550113409,
    "qps_change_pct": 9.9,
    "previous_recall": 0.9994,
    "recall_change_pct": 0.0
  }
}