{
  "qps": 48.96580252472228,
  "total_queries": 1000,
  "duration_secs": 20.422416226,
  "avg_latency_ms": 81.52363891999993,
  "p50_latency_ms": 79.1703565,
  "p95_latency_ms": 114.96917075,
  "p99_latency_ms": 148.85661850999998,
  "recall": 0.9994,
  "recall_threshold": 0.95,
  "recall_passed": true,
  "concurrency": 4,
  "comparison": {
    "previous_qps": 23.382341582492263,
    "qps_change_pct": 109.41,
    "previous_recall": 0.9994,
    "recall_change_pct": 0.0
  }
}