{
  "qps": 658.269221221732,
  "total_queries": 10000,
  "duration_secs": 15.191352835,
  "avg_latency_ms": 5.9784962484000195,
  "p50_latency_ms": 6.397418,
  "p95_latency_ms": 9.68302625,
  "p99_latency_ms": 12.25323188000001,
  "recall": 0.9880599999999858,
  "recall_threshold": 0.95,
  "recall_passed": true,
  "concurrency": 4,
  "comparison": {
    "previous_qps": 655.1830814840362,
    "qps_change_pct": 0.47,
    "previous_recall": 0.9881999999999984,
    "recall_change_pct": -0.01
  }
}