{
  "qps": 1405.2997680039518,
  "total_queries": 10000,
  "duration_secs": 7.115919484,
  "avg_latency_ms": 2.754697926699996,
  "p50_latency_ms": 2.980644,
  "p95_latency_ms": 4.343231549999999,
  "p99_latency_ms": 5.233448620000001,
  "recall": 0.9558399999999688,
  "recall_threshold": 0.95,
  "recall_passed": true,
  "concurrency": 4,
  "comparison": {
    "previous_qps": 1195.2837995028124,
    "qps_change_pct": 17.57,
    "previous_recall": 0.9504999999999684,
    "recall_change_pct": 0.56
  }
}