{
  "qps": 869.0064732815337,
  "total_queries": 10000,
  "duration_secs": 11.507394142,
  "avg_latency_ms": 4.503634435399992,
  "p50_latency_ms": 4.947276500000001,
  "p95_latency_ms": 7.14292075,
  "p99_latency_ms": 8.629694440000002,
  "recall": 0.9774199999999788,
  "recall_threshold": 0.95,
  "recall_passed": true,
  "concurrency": 4,
  "comparison": {
    "previous_qps": 658.269221221732,
    "qps_change_pct": 32.01,
    "previous_recall": 0.9880599999999858,
    "recall_change_pct": -1.08
  }
}