{
  "qps": 1195.2837995028124,
  "total_queries": 10000,
  "duration_secs": 8.366213952,
  "avg_latency_ms": 3.2507805092999904,
  "p50_latency_ms": 3.5130555,
  "p95_latency_ms": 5.231422,
  "p99_latency_ms": 6.274340520000004,
  "recall": 0.9504999999999684,
  "recall_threshold": 0.95,
  "recall_passed": true,
  "concurrency": 4,
  "comparison": {
    "previous_qps": 1193.0009389313466,
    "qps_change_pct": 0.19,
    "previous_recall": 0.9553099999999702,
    "recall_change_pct": -0.5
  }
}