{
  "qps": 10.961509146293414,
  "total_queries": 1000,
  "duration_secs": 91.228314154,
  "avg_latency_ms": 364.65679151100016,
  "p50_latency_ms": 332.2578135,
  "p95_latency_ms": 698.4676084,
  "p99_latency_ms": 847.4798115399998,
  "recall": 0.9993999999999998,
  "recall_threshold": 0.95,
  "recall_passed": true,
  "concurrency": 4,
  "comparison": {
    "previous_qps": 30.563903311289685,
    "qps_change_pct": -64.14,
    "previous_recall": 0.9993999999999998,
    "recall_change_pct": 0.0
  }
}