{
  "qps": 25.79397725609633,
  "total_queries": 1000,
  "duration_secs": 38.768740085,
  "avg_latency_ms": 154.55708763900006,
  "p50_latency_ms": 133.17812249999997,
  "p95_latency_ms": 281.27252000000004,
  "p99_latency_ms": 286.59705146,
  "recall": 0.9993999999999998,
  "recall_threshold": 0.95,
  "recall_passed": true,
  "concurrency": 4,
  "comparison": {
    "previous_qps": 10.961509146293414,
    "qps_change_pct": 135.31,
    "previous_recall": 0.9993999999999998,
    "recall_change_pct": 0.0
  }
}