{
  "qps": 30.563903311289685,
  "total_queries": 1000,
  "duration_secs": 32.718334102,
  "avg_latency_ms": 130.581084334,
  "p50_latency_ms": 124.5054765,
  "p95_latency_ms": 182.40652775,
  "p99_latency_ms": 220.51397225,
  "recall": 0.9993999999999998,
  "recall_threshold": 0.95,
  "recall_passed": true,
  "concurrency": 4
}