{
  "qps": 57.79903472778811,
  "total_queries": 10000,
  "duration_secs": 173.013269981,
  "avg_latency_ms": 69.0950679993,
  "p50_latency_ms": 65.162113,
  "p95_latency_ms": 114.17703959999992,
  "p99_latency_ms": 165.76234835000002,
  "recall": 0.9993699999999988,
  "recall_threshold": 0.95,
  "recall_passed": true,
  "concurrency": 4,
  "comparison": {
    "previous_qps": 51.1509106010604,
    "qps_change_pct": 13.0,
    "previous_recall": 0.9994,
    "recall_change_pct": -0.0
  }
}